站,测试样本,A从零_MAE,A从零_RMSE,A从零_MAE白天,B微调_MAE,B微调_RMSE,B微调_MAE白天,C零样本_MAE,C零样本_RMSE,C零样本_MAE白天,D联合_MAE,D联合_RMSE,D联合_MAE白天,E预训练初始化_MAE,E预训练初始化_RMSE,E预训练初始化_MAE白天,B微调较A提升%,C零样本较A提升%,D联合较A提升%,E预训练初始化较A提升%
station00,8669,3.061,6.609,4.949,2.147,5.661,3.518,4.032,8.452,6.782,1.7,5.162,2.904,1.853,5.15,3.136,29.86,-31.72,44.47,39.48
station01,10015,2.894,5.865,4.644,3.901,6.534,5.624,5.803,11.223,10.123,2.122,5.047,3.661,2.354,5.125,3.951,-34.8,-100.55,26.68,18.64
station02,9119,3.211,5.479,5.294,2.547,4.343,4.183,3.293,6.268,5.585,2.07,4.158,3.66,2.181,4.032,3.686,20.7,-2.55,35.55,32.08
station03,4399,4.614,7.876,7.409,2.462,3.84,3.777,1.956,3.179,3.139,1.795,3.064,2.965,2.789,4.424,4.089,46.63,57.61,61.1,39.55
station04,10019,6.348,11.146,10.908,6.476,10.505,10.754,24.776,35.885,40.009,4.334,7.809,7.594,4.953,8.714,8.624,-2.01,-290.29,31.74,21.98
station05,2899,6.406,8.56,8.15,3.716,4.736,4.697,3.087,5.45,4.811,1.638,2.944,2.567,1.812,2.898,2.598,42.0,51.82,74.43,71.72
station06,9332,3.797,5.787,5.44,2.593,4.584,4.211,3.065,5.511,5.057,2.562,4.919,4.372,2.875,4.932,4.429,31.71,19.3,32.54,24.3
station07,9877,3.234,5.749,3.421,2.471,5.105,2.616,5.909,10.553,6.24,2.876,5.841,3.033,3.026,5.547,3.201,23.59,-82.69,11.07,6.43
station08,9930,2.544,4.595,4.227,1.611,2.883,2.606,2.687,4.405,4.619,1.685,3.161,2.939,1.563,3.022,2.635,36.67,-5.64,33.74,38.56
station09,7287,3.297,8.321,5.533,3.766,9.193,5.909,10.874,17.982,18.674,2.959,8.232,5.156,3.4,8.781,5.551,-14.21,-229.76,10.26,-3.12
