设定,方法,bias,少报kWh_测试期,多报kWh_测试期,少报代价元_测试期,多报代价元_测试期,多报代价元_现货上限,少报代价元_年化,多报代价元_年化,多报代价元_年化_现货上限,多报/少报 代价比
丙-同时刻气象+历史,LightGBM,-0.0078,431050.4,238031.2,147979.6,86738.6,285637.4,636923.0,373334.0,1229420.0,0.59
丙-同时刻气象+历史,基线:Persistence,-0.0,509652.0,508974.4,174963.5,185470.3,610769.3,753065.0,798287.0,2628828.0,1.06
丙-同时刻气象+历史,线性回归,-0.0024,316923.2,240838.4,108799.7,87761.5,289006.1,468288.0,377737.0,1243919.0,0.81
丙-同时刻气象+历史,随机森林RF,-0.0091,465220.8,223366.0,159710.3,81394.6,268039.2,687413.0,350333.0,1153675.0,0.51
乙-纯历史时序,LightGBM,-0.0068,527898.8,363580.8,181227.7,132488.8,436297.0,780027.0,570249.0,1877877.0,0.73
乙-纯历史时序,基线:Persistence,0.0001,508587.2,508829.2,174598.0,185417.4,610595.0,751492.0,798060.0,2628078.0,1.06
乙-纯历史时序,线性回归,-0.0055,526979.2,372292.8,180912.0,135663.5,446751.4,778668.0,583913.0,1922874.0,0.75
乙-纯历史时序,随机森林RF,-0.009,605242.0,365468.4,207779.6,133176.7,438562.1,894310.0,573209.0,1887627.0,0.64
甲-同时刻实测(lmd),LightGBM,-0.0144,683746.8,338993.6,234730.3,123529.3,406792.3,1010309.0,531686.0,1750886.0,0.53
甲-同时刻实测(lmd),基线:固定系数×辐射,-0.018,857357.6,426452.4,294330.9,155399.3,511742.9,1266837.0,668858.0,2202606.0,0.53
甲-同时刻实测(lmd),线性回归,-0.0071,725467.6,499875.2,249053.0,182154.5,599850.2,1071956.0,784016.0,2581831.0,0.73
甲-同时刻实测(lmd),随机森林RF,-0.0191,771447.6,286818.4,264838.0,104516.6,344182.1,1139896.0,449853.0,1481403.0,0.39
甲-同时刻预报(nwp),LightGBM,-0.0061,1085515.2,817814.8,372657.4,298011.7,981377.8,1603964.0,1282680.0,4223974.0,0.8
甲-同时刻预报(nwp),基线:固定系数×辐射,0.0411,687183.2,1549864.8,235910.0,564770.7,1859837.8,1015386.0,2430845.0,8004977.0,2.39
甲-同时刻预报(nwp),线性回归,0.0348,722079.6,1459356.8,247889.9,531789.6,1751228.2,1066950.0,2288890.0,7537507.0,2.15
甲-同时刻预报(nwp),随机森林RF,-0.0128,1199303.6,761912.8,411720.9,277641.0,914295.4,1772099.0,1195002.0,3935243.0,0.67
