station,容量MW,白天样本,系数k,残差最大,残差RMSE,比值CV百分比,比值_气温相关,控辐射后_气温相关,温度效应_每度百分比,功率_辐射相关
station00,6.6,11693,0.00074042,71.747,6.3262,20.665,-0.1012,-0.0288,-0.0565,0.9463
station01,20.0,14295,0.00098645,81.303,12.3755,30.476,-0.487,-0.5202,-1.2921,0.8958
station02,17.0,12010,0.0008992,93.5171,8.4297,31.619,0.1355,0.1874,0.5468,0.9364
station03,20.0,6084,0.00092475,70.3734,6.8098,27.181,0.0499,0.0983,0.2505,0.9592
station04,20.0,13974,0.00095967,131.0273,12.1739,28.271,0.1628,0.186,0.467,0.9363
station05,35.0,4559,0.00086325,55.1327,5.4792,19.398,0.2476,0.2617,0.6718,0.9785
station06,15.0,12789,0.00063858,46.5648,8.3976,33.571,0.4875,0.5726,1.655,0.8889
station07,20.0,13623,0.00063629,59.9248,9.5109,58.971,-0.1636,-0.0818,-0.4505,0.9054
station08,20.0,13166,0.00079198,78.168,6.0962,22.462,-0.1883,-0.1204,-0.244,0.9654
station09,20.0,9414,0.00031325,25.0079,3.5547,24.31,0.2057,0.1756,0.4312,0.9462
