站点数,设定,方法,MAE,RMSE,R2,MAE_白天,RMSE_白天,训练秒,相对基线改善%
10,丙-同时刻气象+历史,LightGBM,1.6376,3.83,0.9574,2.7781,4.9995,0.4218,36.15
10,丙-同时刻气象+历史,XGBoost,1.752,4.0221,0.9563,2.9569,5.243,0.1704,31.69
10,丙-同时刻气象+历史,XGBoost(默认lr=0.3),1.9369,4.2674,0.954,3.1878,5.5487,0.1724,24.48
10,丙-同时刻气象+历史,朴素基线: 上一时刻功率(Persistence),2.5648,5.6214,0.9527,4.4175,7.3628,0.0,0.0
10,丙-同时刻气象+历史,梯度提升树GBDT,1.8384,4.0114,0.9575,3.0647,5.2437,2.4336,28.32
10,丙-同时刻气象+历史,线性回归,1.4942,3.1507,0.9849,2.2795,4.096,0.0032,41.74
10,丙-同时刻气象+历史,随机森林RF,1.6689,4.0761,0.9501,2.8438,5.3153,2.3628,34.93
10,乙-纯历史时序,LightGBM,2.2821,5.2633,0.9575,3.8503,6.8668,0.4858,11.57
10,乙-纯历史时序,XGBoost,2.6552,5.838,0.9468,4.4467,7.5932,0.1877,-2.88
10,乙-纯历史时序,XGBoost(默认lr=0.3),3.2801,6.6652,0.9302,5.1953,8.6021,0.1874,-27.1
10,乙-纯历史时序,朴素基线: 上一时刻功率(Persistence),2.5808,5.6427,0.9525,4.4239,7.3732,0.0,0.0
10,乙-纯历史时序,梯度提升树GBDT,2.5467,5.5861,0.9519,4.1675,7.2308,2.9098,1.32
10,乙-纯历史时序,线性回归,2.5324,5.2839,0.9581,3.8536,6.8622,0.0038,1.88
10,乙-纯历史时序,随机森林RF,2.4364,5.5432,0.9532,4.1334,7.2176,2.5948,5.6
10,甲-同时刻实测(lmd),LightGBM,2.4738,5.3336,0.9329,4.1085,6.9488,0.4707,18.58
10,甲-同时刻实测(lmd),XGBoost,2.7123,5.7719,0.9252,4.4421,7.492,0.1683,10.73
10,甲-同时刻实测(lmd),XGBoost(默认lr=0.3),3.0841,6.1532,0.9192,4.8725,7.9509,0.1656,-1.51
10,甲-同时刻实测(lmd),朴素基线: 固定系数×辐射,3.0383,6.2068,0.9168,5.2075,8.1202,0.0,0.0
10,甲-同时刻实测(lmd),梯度提升树GBDT,3.0652,5.9454,0.9194,4.7079,7.6124,2.3599,-0.89
10,甲-同时刻实测(lmd),线性回归,3.6613,6.23,0.9182,5.0709,7.9504,0.0021,-20.5
10,甲-同时刻实测(lmd),随机森林RF,2.5202,5.6232,0.9275,4.2816,7.3223,1.7589,17.05
10,甲-同时刻预报(nwp),LightGBM,4.906,9.2251,0.8693,8.0287,12.0079,0.4818,13.28
10,甲-同时刻预报(nwp),XGBoost,5.2421,9.7543,0.8552,8.5165,12.6885,0.1993,7.34
10,甲-同时刻预报(nwp),XGBoost(默认lr=0.3),6.0305,10.5327,0.8299,9.3001,13.6223,0.2054,-6.59
10,甲-同时刻预报(nwp),朴素基线: 固定系数×辐射,5.6575,10.6433,0.8337,9.7552,13.9258,0.0,0.0
10,甲-同时刻预报(nwp),梯度提升树GBDT,5.3871,9.6372,0.8606,8.5275,12.5019,3.8933,4.78
10,甲-同时刻预报(nwp),线性回归,6.3862,10.1306,0.8457,9.3989,13.0474,0.0026,-12.88
10,甲-同时刻预报(nwp),随机森林RF,4.8725,9.6291,0.857,8.3688,12.595,2.5971,13.88
