station,设定,方法,MAE,RMSE,R2,训练秒,n_train,n_test,剔除断点窗口
station00,甲-同时刻实测(lmd),LSTM,2.5524,5.9452,0.9352,9.88,20180,8669,33
station00,甲-同时刻预报(nwp),LSTM,4.7158,9.3495,0.8397,10.17,20180,8669,33
station00,乙-纯历史时序,LSTM,3.2682,6.8429,0.9141,9.42,20180,8669,33
station00,丙-同时刻气象+历史,LSTM,2.3317,5.5371,0.9438,9.49,20180,8669,33
station01,甲-同时刻实测(lmd),LSTM,3.4493,6.9452,0.9492,10.71,23136,9971,264
station01,甲-同时刻预报(nwp),LSTM,7.0464,11.4072,0.8631,10.45,23136,9971,264
station01,乙-纯历史时序,LSTM,3.8854,7.5638,0.9398,10.39,23136,9971,264
station01,丙-同时刻气象+历史,LSTM,3.1616,5.9788,0.9624,11.17,23136,9971,264
station02,甲-同时刻实测(lmd),LSTM,2.5408,4.7909,0.9676,10.43,21142,9053,187
station02,甲-同时刻预报(nwp),LSTM,5.8753,10.6685,0.8393,9.97,21142,9053,187
station02,乙-纯历史时序,LSTM,3.9754,6.851,0.9337,10.68,21142,9053,187
station02,丙-同时刻气象+历史,LSTM,2.5456,4.7553,0.9681,10.3,21142,9053,187
station03,甲-同时刻实测(lmd),LSTM,3.7566,6.5861,0.9354,6.9,10020,4344,286
station03,甲-同时刻预报(nwp),LSTM,6.7019,11.4165,0.8058,6.8,10020,4344,286
station03,乙-纯历史时序,LSTM,5.5959,10.3799,0.8394,6.8,10020,4344,286
station03,丙-同时刻气象+历史,LSTM,4.1218,7.3529,0.9194,6.8,10020,4344,286
station04,甲-同时刻实测(lmd),LSTM,5.3605,10.067,0.9329,11.03,23353,10008,22
station04,甲-同时刻预报(nwp),LSTM,9.9756,16.5809,0.8179,11.08,23353,10008,22
station04,乙-纯历史时序,LSTM,6.9397,13.0325,0.8875,10.82,23353,10008,22
station04,丙-同时刻气象+历史,LSTM,5.704,10.2597,0.9303,10.88,23353,10008,22
station05,甲-同时刻实测(lmd),LSTM,2.4949,4.4662,0.9749,6.04,6595,2811,245
station05,甲-同时刻预报(nwp),LSTM,6.1251,11.3584,0.8379,5.92,6595,2811,245
station05,乙-纯历史时序,LSTM,3.3842,6.682,0.9439,5.77,6595,2811,245
station05,丙-同时刻气象+历史,LSTM,2.195,3.8715,0.9812,5.96,6595,2811,245
station06,甲-同时刻实测(lmd),LSTM,2.6237,4.9182,0.947,10.99,21727,9310,55
station06,甲-同时刻预报(nwp),LSTM,4.4016,8.2664,0.8503,10.38,21727,9310,55
station06,乙-纯历史时序,LSTM,3.6383,6.484,0.9079,10.24,21727,9310,55
station06,丙-同时刻气象+历史,LSTM,2.9053,5.2063,0.9406,10.2,21727,9310,55
station07,甲-同时刻实测(lmd),LSTM,3.3327,6.4132,0.932,11.28,22955,9866,88
station07,甲-同时刻预报(nwp),LSTM,5.6599,10.0591,0.8327,11.11,22955,9866,88
station07,乙-纯历史时序,LSTM,3.8918,7.2331,0.9135,10.83,22955,9866,88
station07,丙-同时刻气象+历史,LSTM,2.9331,5.8146,0.9441,11.12,22955,9866,88
station08,甲-同时刻实测(lmd),LSTM,2.1592,4.2552,0.9727,10.8,23024,9875,187
station08,甲-同时刻预报(nwp),LSTM,5.8103,10.1276,0.8455,10.82,23024,9875,187
station08,乙-纯历史时序,LSTM,3.5042,6.6118,0.9341,11.15,23024,9875,187
station08,丙-同时刻气象+历史,LSTM,2.5756,4.878,0.9642,11.2,23024,9875,187
station09,甲-同时刻实测(lmd),LSTM,3.1965,8.4749,0.6271,9.89,16967,7265,44
station09,甲-同时刻预报(nwp),LSTM,3.0679,5.8784,0.8206,8.83,16967,7265,44
station09,乙-纯历史时序,LSTM,3.6105,8.8093,0.5971,9.15,16967,7265,44
station09,丙-同时刻气象+历史,LSTM,3.15,8.4203,0.6319,9.37,16967,7265,44
