设定,方法,少报比例,多报比例,bias(白天),少报均值(白天),多报均值(白天),少报累计(白天),多报累计(白天),n白天
丙-同时刻气象+历史,LightGBM,40.16,59.84,-0.0078,0.0178,0.01,89.06,49.18,4903.0
丙-同时刻气象+历史,基线:Persistence,27.9,26.93,-0.0,0.0221,0.0221,105.3,105.16,4903.0
丙-同时刻气象+历史,线性回归,47.72,52.28,-0.0024,0.0126,0.0102,65.48,49.76,4903.0
丙-同时刻气象+历史,随机森林RF,29.52,33.4,-0.0091,0.0188,0.0097,96.12,46.15,4903.0
乙-纯历史时序,LightGBM,42.35,57.65,-0.0068,0.0227,0.0158,109.07,75.12,4893.0
乙-纯历史时序,基线:Persistence,27.95,27.15,0.0001,0.0221,0.0221,105.08,105.13,4893.0
乙-纯历史时序,线性回归,55.8,44.2,-0.0055,0.022,0.0165,108.88,76.92,4893.0
乙-纯历史时序,随机森林RF,31.61,33.15,-0.009,0.0252,0.0162,125.05,75.51,4893.0
甲-同时刻实测(lmd),LightGBM,47.6,52.4,-0.0144,0.0277,0.0134,141.27,70.04,4904.0
甲-同时刻实测(lmd),基线:固定系数×辐射,34.44,25.28,-0.018,0.035,0.017,177.14,88.11,4904.0
甲-同时刻实测(lmd),线性回归,46.63,53.37,-0.0071,0.0289,0.0218,149.89,103.28,4904.0
甲-同时刻实测(lmd),随机森林RF,31.85,31.15,-0.0191,0.031,0.0119,159.39,59.26,4904.0
甲-同时刻预报(nwp),LightGBM,47.99,52.01,-0.0061,0.0432,0.0371,224.28,168.97,4904.0
甲-同时刻预报(nwp),基线:固定系数×辐射,17.18,38.93,0.0411,0.0282,0.0693,141.98,320.22,4904.0
甲-同时刻预报(nwp),线性回归,43.6,56.4,0.0348,0.0296,0.0644,149.19,301.52,4904.0
甲-同时刻预报(nwp),随机森林RF,26.81,34.54,-0.0128,0.0482,0.0355,247.79,157.42,4904.0
