设定,方法,MAE,RMSE,R2
丙-同时刻气象+历史,LSTM,3.16237,6.20745,0.9186
丙-同时刻气象+历史,LightGBM,1.63762,3.83002,0.95738
丙-同时刻气象+历史,XGBoost,1.7519500000000001,4.02206,0.9562799999999999
丙-同时刻气象+历史,朴素基线: 上一时刻功率(Persistence),2.5648,5.62142,0.95272
丙-同时刻气象+历史,线性回归,1.4942199999999999,3.1506999999999996,0.9848700000000001
丙-同时刻气象+历史,随机森林RF,1.6689399999999999,4.07608,0.9501
乙-纯历史时序,LSTM,4.16936,8.04903,0.8811
乙-纯历史时序,LightGBM,2.28206,5.263330000000001,0.95752
乙-纯历史时序,XGBoost,2.65516,5.83803,0.94679
乙-纯历史时序,朴素基线: 上一时刻功率(Persistence),2.58082,5.64274,0.9525
乙-纯历史时序,线性回归,2.53243,5.2839,0.95806
乙-纯历史时序,随机森林RF,2.43635,5.54321,0.95319
甲-同时刻实测(lmd),LSTM,3.14666,6.28621,0.9174
甲-同时刻实测(lmd),LightGBM,2.47376,5.33361,0.93287
甲-同时刻实测(lmd),XGBoost,2.71232,5.77194,0.92523
甲-同时刻实测(lmd),线性回归,3.6613299999999995,6.22996,0.9181799999999999
甲-同时刻实测(lmd),随机森林RF,2.5202400000000003,5.62318,0.9275399999999999
甲-同时刻预报(nwp),LSTM,5.9379800000000005,10.51125,0.83528
甲-同时刻预报(nwp),LightGBM,4.9060299999999994,9.22512,0.8693
甲-同时刻预报(nwp),XGBoost,5.24212,9.75431,0.8552
甲-同时刻预报(nwp),线性回归,6.38619,10.13061,0.84569
甲-同时刻预报(nwp),随机森林RF,4.8725000000000005,9.6291,0.8569700000000001
