station,变量,与出力相关,与总辐射相关
station00,总辐射,0.9778,1.0
station00,散射辐射,0.8416,0.856
station00,气温,0.3791,0.3943
station00,气压,-0.1783,-0.1904
station00,风速,0.3835,0.3803
station01,总辐射,0.9566,1.0
station01,散射辐射,0.7035,0.7788
station01,气温,0.2772,0.3875
station01,气压,-0.0231,-0.1427
station01,风速,0.4456,0.4491
station02,总辐射,0.9745,1.0
station02,散射辐射,0.9519,0.957
station02,气温,0.3083,0.2875
station02,气压,-0.1274,-0.1056
station02,风速,0.3447,0.3358
station03,总辐射,0.984,1.0
station03,散射辐射,0.6807,0.709
station03,气温,0.3315,0.3271
station03,气压,-0.0649,-0.0584
station03,风速,0.4182,0.4046
station04,总辐射,0.9734,1.0
station04,散射辐射,0.8271,0.8204
station04,气温,0.3155,0.2936
station04,气压,-0.0869,-0.0685
station04,风速,0.5114,0.5107
station05,总辐射,0.9908,1.0
station05,散射辐射,0.7595,0.7531
station05,气温,0.3617,0.3384
station05,气压,-0.0191,0.0003
station05,风速,0.2976,0.2815
station06,总辐射,0.9526,1.0
station06,散射辐射,0.9389,0.9273
station06,气温,0.4395,0.349
station06,气压,-0.2509,-0.1448
station06,风速,0.3796,0.3784
station07,总辐射,0.9541,1.0
station07,散射辐射,0.8674,0.9032
station07,气温,0.3584,0.4263
station07,气压,-0.1422,-0.2133
station07,风速,0.3756,0.3499
station08,总辐射,0.9849,1.0
station08,散射辐射,0.7359,0.7298
station08,气温,0.2759,0.3014
station08,气压,-0.1088,-0.1278
station08,风速,0.374,0.3676
station09,总辐射,0.9018,1.0
station09,散射辐射,0.8538,0.9245
station09,气温,0.421,0.339
station09,气压,-0.1868,-0.0902
station09,风速,0.421,0.4216
