station,cap_mw,rows_raw,rows_used,rows_dropped,missing,dup_time,start,end,days,time_gaps,max_gap_days,night_ratio,night_zero_power_ratio,day_rows,p_norm_mean_day,p_norm_peak,power_max_mw,ghi_max,temp_min,temp_max,flat_rows,flat_days
station00,6.6,28896,28895,1,0,1,2018-08-15,2019-06-13,303,4,1.0,51.77,99.99,13937,0.2611,0.8368,5.523,1122.0,-13.5,36.8,0,0
station01,20.0,33408,33383,25,0,0,2018-06-30,2019-06-13,349,24,0.0,48.87,99.85,17080,0.3597,0.9999,19.9975,1242.3,-13.1,38.1,140,3
station02,17.0,30432,30394,38,0,0,2018-07-22,2019-06-10,321,17,3.0,52.04,99.21,14596,0.3166,0.944,16.0482,1118.0,-10.9,39.9,0,0
station03,20.0,14688,14662,26,0,0,2019-01-11,2019-06-13,154,26,0.0,51.71,99.66,7093,0.3494,0.871,17.4193,1057.0,-8.6,41.6,0,0
station04,20.0,33408,33395,13,0,0,2018-06-30,2019-06-13,349,2,0.1,50.45,99.92,16555,0.4574,1.3384,26.768,1838.0,-23.9,32.0,8,0
station05,35.0,9696,9663,33,0,0,2019-03-04,2019-06-13,102,23,0.1,44.94,98.49,5339,0.3661,1.0034,35.1181,1156.0,-0.3,39.1,0,0
station06,15.0,31104,31104,0,0,0,2018-07-13,2019-06-13,330,5,6.0,46.3,99.99,16703,0.2102,0.7827,11.741,1085.0,-10.7,40.9,0,0
station07,20.0,32928,32921,7,0,0,2018-06-30,2019-06-13,345,8,5.0,40.4,99.95,19626,0.2197,0.864,17.2806,1518.0,-13.8,36.1,0,0
station08,20.0,33120,33098,22,0,0,2018-06-30,2019-06-13,347,17,3.0,51.21,99.78,16158,0.2952,0.8933,17.866,1243.0,-12.0,37.7,23,1
station09,20.0,24288,24288,0,0,0,2018-09-25,2019-06-13,258,4,3.0,53.01,100.0,11413,0.144,0.6022,12.045,1439.0,-13.8,37.1,0,0
