station,设定,方法,MAE,RMSE,R2,MAE_白天,RMSE_白天,训练秒,n_train,n_test,test_start,系数k
station00,甲-同时刻实测(lmd),朴素基线: 固定系数×辐射,2.004,5.9037,0.9361,3.599,7.9117,0.0,20225,8669,2019-03-15,0.00076303
station00,甲-同时刻实测(lmd),线性回归,2.8218,6.2529,0.9283,4.2241,8.3171,0.002,20225,8669,2019-03-15,
station00,甲-同时刻实测(lmd),随机森林RF,1.8229,5.7091,0.9402,3.2737,7.651,2.371,20225,8669,2019-03-15,
station00,甲-同时刻实测(lmd),梯度提升树GBDT,2.0583,5.8778,0.9366,3.5841,7.8757,3.813,20225,8669,2019-03-15,
station00,甲-同时刻实测(lmd),LightGBM,1.9732,5.7332,0.9397,3.5303,7.6832,0.611,20225,8669,2019-03-15,
station00,甲-同时刻实测(lmd),XGBoost,1.9954,5.7691,0.939,3.5441,7.7307,0.269,20225,8669,2019-03-15,
station00,甲-同时刻实测(lmd),XGBoost(默认lr=0.3),2.2912,5.9708,0.9346,3.8795,7.9882,0.278,20225,8669,2019-03-15,
station00,甲-同时刻预报(nwp),朴素基线: 固定系数×辐射,4.2543,9.0518,0.8497,7.6384,12.1305,0.0,20225,8669,2019-03-15,0.00075793
station00,甲-同时刻预报(nwp),线性回归,5.8001,9.6415,0.8295,8.7696,12.7217,0.004,20225,8669,2019-03-15,
station00,甲-同时刻预报(nwp),随机森林RF,3.8477,8.3951,0.8708,6.9077,11.2505,4.89,20225,8669,2019-03-15,
station00,甲-同时刻预报(nwp),梯度提升树GBDT,4.445,8.6133,0.864,7.4124,11.4963,8.833,20225,8669,2019-03-15,
station00,甲-同时刻预报(nwp),LightGBM,4.3083,8.9356,0.8536,7.4793,11.9662,1.012,20225,8669,2019-03-15,
station00,甲-同时刻预报(nwp),XGBoost,4.0457,8.2459,0.8753,6.9641,11.0285,0.405,20225,8669,2019-03-15,
station00,甲-同时刻预报(nwp),XGBoost(默认lr=0.3),4.879,8.7424,0.8598,7.2292,11.4204,0.396,20225,8669,2019-03-15,
station00,乙-纯历史时序,朴素基线: 上一时刻功率(Persistence),2.3319,5.041,0.9534,4.1862,6.7546,0.0,20192,8654,2019-03-15,
station00,乙-纯历史时序,线性回归,2.3001,4.6806,0.9599,3.6056,6.2252,0.009,20192,8654,2019-03-15,
station00,乙-纯历史时序,随机森林RF,2.3698,5.3943,0.9467,4.2539,7.228,5.432,20192,8654,2019-03-15,
station00,乙-纯历史时序,梯度提升树GBDT,2.3046,5.2263,0.95,4.0745,6.9986,5.74,20192,8654,2019-03-15,
station00,乙-纯历史时序,LightGBM,1.9782,4.5521,0.962,3.5174,6.0989,0.563,20192,8654,2019-03-15,
station00,乙-纯历史时序,XGBoost,2.3339,5.1983,0.9505,4.1607,6.9651,0.234,20192,8654,2019-03-15,
station00,乙-纯历史时序,XGBoost(默认lr=0.3),2.6049,5.5562,0.9434,4.5707,7.4408,0.237,20192,8654,2019-03-15,
station00,丙-同时刻气象+历史,朴素基线: 上一时刻功率(Persistence),2.3304,5.0379,0.9535,4.1854,6.7521,0.0,20223,8667,2019-03-15,
station00,丙-同时刻气象+历史,线性回归,1.1988,2.8166,0.9855,1.9357,3.7633,0.003,20223,8667,2019-03-15,
station00,丙-同时刻气象+历史,随机森林RF,1.541,4.1713,0.9681,2.7681,5.5906,3.297,20223,8667,2019-03-15,
station00,丙-同时刻气象+历史,梯度提升树GBDT,1.5275,3.4351,0.9784,2.7066,4.6036,3.958,20223,8667,2019-03-15,
station00,丙-同时刻气象+历史,LightGBM,1.4457,3.2181,0.981,2.5905,4.3129,0.525,20223,8667,2019-03-15,
station00,丙-同时刻气象+历史,XGBoost,1.6307,3.5129,0.9774,2.8881,4.7074,0.189,20223,8667,2019-03-15,
station00,丙-同时刻气象+历史,XGBoost(默认lr=0.3),1.944,4.023,0.9703,3.3752,5.3877,0.194,20223,8667,2019-03-15,
station01,甲-同时刻实测(lmd),朴素基线: 固定系数×辐射,4.3041,8.1758,0.9295,7.692,10.9296,0.0,23368,10015,2019-03-01,0.0010476
station01,甲-同时刻实测(lmd),线性回归,5.1502,8.2502,0.9282,6.9184,10.5991,0.003,23368,10015,2019-03-01,
station01,甲-同时刻实测(lmd),随机森林RF,2.2561,5.5392,0.9677,4.0318,7.4049,2.446,23368,10015,2019-03-01,
station01,甲-同时刻实测(lmd),梯度提升树GBDT,2.5002,5.4706,0.9684,4.3852,7.3123,4.119,23368,10015,2019-03-01,
station01,甲-同时刻实测(lmd),LightGBM,2.1811,5.2002,0.9715,3.8739,6.9515,0.771,23368,10015,2019-03-01,
station01,甲-同时刻实测(lmd),XGBoost,2.4462,5.7584,0.965,4.3455,7.6977,0.251,23368,10015,2019-03-01,
station01,甲-同时刻实测(lmd),XGBoost(默认lr=0.3),2.9065,6.3659,0.9573,4.9745,8.4961,0.208,23368,10015,2019-03-01,
station01,甲-同时刻预报(nwp),朴素基线: 固定系数×辐射,7.5203,13.0998,0.8191,13.4384,17.5122,0.0,23368,10015,2019-03-01,0.00119418
station01,甲-同时刻预报(nwp),线性回归,7.6776,11.4014,0.863,11.705,14.9786,0.003,23368,10015,2019-03-01,
station01,甲-同时刻预报(nwp),随机森林RF,5.6256,10.9456,0.8737,10.053,14.6324,3.265,23368,10015,2019-03-01,
station01,甲-同时刻预报(nwp),梯度提升树GBDT,6.5476,11.8101,0.853,10.8926,15.6989,5.767,23368,10015,2019-03-01,
station01,甲-同时刻预报(nwp),LightGBM,6.0321,11.0233,0.8719,10.2204,14.6747,0.522,23368,10015,2019-03-01,
station01,甲-同时刻预报(nwp),XGBoost,6.8696,12.1687,0.8439,11.654,16.2306,0.203,23368,10015,2019-03-01,
station01,甲-同时刻预报(nwp),XGBoost(默认lr=0.3),7.4047,12.545,0.8341,11.8927,16.6069,0.195,23368,10015,2019-03-01,
station01,乙-纯历史时序,朴素基线: 上一时刻功率(Persistence),2.7929,6.0208,0.962,4.9401,7.966,0.0,23158,9925,2019-03-02,
station01,乙-纯历史时序,线性回归,2.7834,5.5485,0.9677,4.1496,7.2335,0.003,23158,9925,2019-03-02,
station01,乙-纯历史时序,随机森林RF,2.3774,5.5391,0.9678,4.208,7.3409,3.112,23158,9925,2019-03-02,
station01,乙-纯历史时序,梯度提升树GBDT,2.3298,5.3363,0.9701,4.017,7.0629,4.171,23158,9925,2019-03-02,
station01,乙-纯历史时序,LightGBM,2.2045,5.3444,0.97,3.8784,7.069,0.773,23158,9925,2019-03-02,
station01,乙-纯历史时序,XGBoost,2.2847,5.4354,0.969,4.0228,7.1961,0.283,23158,9925,2019-03-02,
station01,乙-纯历史时序,XGBoost(默认lr=0.3),2.6868,6.0328,0.9618,4.6929,7.9946,0.313,23158,9925,2019-03-02,
station01,丙-同时刻气象+历史,朴素基线: 上一时刻功率(Persistence),2.7724,5.9967,0.9621,4.9368,7.9608,0.0,23350,10008,2019-03-01,
station01,丙-同时刻气象+历史,线性回归,1.5708,3.3067,0.9885,2.3269,4.3701,0.008,23350,10008,2019-03-01,
station01,丙-同时刻气象+历史,随机森林RF,1.3991,3.3846,0.9879,2.4987,4.5234,4.831,23350,10008,2019-03-01,
station01,丙-同时刻气象+历史,梯度提升树GBDT,1.5594,3.3595,0.9881,2.756,4.4883,3.693,23350,10008,2019-03-01,
station01,丙-同时刻气象+历史,LightGBM,1.3373,3.1272,0.9897,2.3834,4.1775,0.784,23350,10008,2019-03-01,
station01,丙-同时刻气象+历史,XGBoost,1.3976,3.3232,0.9884,2.4867,4.4399,0.425,23350,10008,2019-03-01,
station01,丙-同时刻气象+历史,XGBoost(默认lr=0.3),1.6884,3.6431,0.986,2.9346,4.8633,0.404,23350,10008,2019-03-01,
station02,甲-同时刻实测(lmd),朴素基线: 固定系数×辐射,2.9432,6.0989,0.9473,5.4528,8.3015,0.0,21275,9119,2019-03-04,0.00086686
station02,甲-同时刻实测(lmd),线性回归,3.5489,5.3486,0.9595,4.9065,6.9956,0.005,21275,9119,2019-03-04,
station02,甲-同时刻实测(lmd),随机森林RF,2.2218,4.5646,0.9705,4.116,6.2131,2.711,21275,9119,2019-03-04,
station02,甲-同时刻实测(lmd),梯度提升树GBDT,2.3905,4.4745,0.9716,4.1944,6.0782,2.985,21275,9119,2019-03-04,
station02,甲-同时刻实测(lmd),LightGBM,2.1445,4.3071,0.9737,3.9082,5.8517,0.827,21275,9119,2019-03-04,
station02,甲-同时刻实测(lmd),XGBoost,2.039,4.1932,0.9751,3.6779,5.7048,0.22,21275,9119,2019-03-04,
station02,甲-同时刻实测(lmd),XGBoost(默认lr=0.3),2.1429,4.391,0.9727,3.8148,5.969,0.249,21275,9119,2019-03-04,
station02,甲-同时刻预报(nwp),朴素基线: 固定系数×辐射,5.7281,10.4756,0.8445,10.5906,14.2494,0.0,21275,9119,2019-03-04,0.0009772
station02,甲-同时刻预报(nwp),线性回归,6.0689,9.9573,0.8595,9.8233,13.4227,0.004,21275,9119,2019-03-04,
station02,甲-同时刻预报(nwp),随机森林RF,5.7447,10.6968,0.8379,10.6221,14.5562,3.288,21275,9119,2019-03-04,
station02,甲-同时刻预报(nwp),梯度提升树GBDT,5.1532,9.098,0.8827,8.8634,12.3213,6.578,21275,9119,2019-03-04,
station02,甲-同时刻预报(nwp),LightGBM,5.1785,9.2929,0.8776,9.2044,12.6285,0.826,21275,9119,2019-03-04,
station02,甲-同时刻预报(nwp),XGBoost,5.4483,9.7649,0.8649,9.5801,13.2574,0.386,21275,9119,2019-03-04,
station02,甲-同时刻预报(nwp),XGBoost(默认lr=0.3),6.8334,11.6879,0.8064,11.3918,15.7572,0.485,21275,9119,2019-03-04,
station02,乙-纯历史时序,朴素基线: 上一时刻功率(Persistence),2.6751,5.8655,0.9514,4.9118,7.9549,0.0,21124,9054,2019-03-04,
station02,乙-纯历史时序,线性回归,2.6188,5.4598,0.9579,4.2717,7.3656,0.012,21124,9054,2019-03-04,
station02,乙-纯历史时序,随机森林RF,2.2763,5.4611,0.9579,4.1845,7.4068,4.767,21124,9054,2019-03-04,
station02,乙-纯历史时序,梯度提升树GBDT,2.1901,5.2239,0.9615,3.9572,7.0843,4.838,21124,9054,2019-03-04,
station02,乙-纯历史时序,LightGBM,2.1471,5.28,0.9606,3.9306,7.1608,1.039,21124,9054,2019-03-04,
station02,乙-纯历史时序,XGBoost,2.3637,5.4508,0.958,4.3194,7.3923,0.402,21124,9054,2019-03-04,
station02,乙-纯历史时序,XGBoost(默认lr=0.3),2.7848,6.0852,0.9477,5.0422,8.2483,0.351,21124,9054,2019-03-04,
station02,丙-同时刻气象+历史,朴素基线: 上一时刻功率(Persistence),2.6578,5.8465,0.9516,4.9118,7.9549,0.0,21263,9113,2019-03-04,
station02,丙-同时刻气象+历史,线性回归,1.7341,3.6622,0.981,2.9313,4.9666,0.005,21263,9113,2019-03-04,
station02,丙-同时刻气象+历史,随机森林RF,1.4489,3.1927,0.9856,2.6821,4.3442,2.735,21263,9113,2019-03-04,
station02,丙-同时刻气象+历史,梯度提升树GBDT,1.7137,3.4447,0.9832,3.1038,4.6864,2.321,21263,9113,2019-03-04,
station02,丙-同时刻气象+历史,LightGBM,1.4964,3.2114,0.9854,2.7584,4.3694,0.4,21263,9113,2019-03-04,
station02,丙-同时刻气象+历史,XGBoost,1.5303,3.2968,0.9846,2.8219,4.4857,0.144,21263,9113,2019-03-04,
station02,丙-同时刻气象+历史,XGBoost(默认lr=0.3),1.6785,3.7219,0.9804,3.0685,5.0635,0.148,21263,9113,2019-03-04,
station03,甲-同时刻实测(lmd),朴素基线: 固定系数×辐射,1.8953,3.7409,0.979,3.3796,4.9953,0.0,10263,4399,2019-04-29,0.0009519
station03,甲-同时刻实测(lmd),线性回归,4.5557,5.9765,0.9465,5.4874,7.2472,0.001,10263,4399,2019-04-29,
station03,甲-同时刻实测(lmd),随机森林RF,2.0641,3.9573,0.9765,3.6806,5.2844,0.622,10263,4399,2019-04-29,
station03,甲-同时刻实测(lmd),梯度提升树GBDT,2.0929,4.004,0.976,3.5402,5.3371,1.041,10263,4399,2019-04-29,
station03,甲-同时刻实测(lmd),LightGBM,1.9742,3.6801,0.9797,3.3508,4.9073,0.337,10263,4399,2019-04-29,
station03,甲-同时刻实测(lmd),XGBoost,2.2211,4.3373,0.9718,3.8857,5.79,0.14,10263,4399,2019-04-29,
station03,甲-同时刻实测(lmd),XGBoost(默认lr=0.3),2.6941,4.9928,0.9627,4.616,6.6568,0.135,10263,4399,2019-04-29,
station03,甲-同时刻预报(nwp),朴素基线: 固定系数×辐射,6.8441,11.544,0.8004,11.9696,15.206,0.0,10263,4399,2019-04-29,0.00093174
station03,甲-同时刻预报(nwp),线性回归,7.1642,10.927,0.8211,10.942,14.2671,0.001,10263,4399,2019-04-29,
station03,甲-同时刻预报(nwp),随机森林RF,4.3296,8.3436,0.8957,7.576,10.9952,1.022,10263,4399,2019-04-29,
station03,甲-同时刻预报(nwp),梯度提升树GBDT,4.5999,8.174,0.8999,7.0754,10.6787,1.632,10263,4399,2019-04-29,
station03,甲-同时刻预报(nwp),LightGBM,4.3163,8.2219,0.8987,7.2843,10.7881,0.329,10263,4399,2019-04-29,
station03,甲-同时刻预报(nwp),XGBoost,5.1713,8.6742,0.8873,7.7091,11.2661,0.162,10263,4399,2019-04-29,
station03,甲-同时刻预报(nwp),XGBoost(默认lr=0.3),5.6513,9.1434,0.8748,8.5585,11.9274,0.147,10263,4399,2019-04-29,
station03,乙-纯历史时序,朴素基线: 上一时刻功率(Persistence),2.5078,5.2464,0.9589,4.3941,6.9607,0.0,10036,4302,2019-04-29,
station03,乙-纯历史时序,线性回归,2.3318,4.9204,0.9639,3.6003,6.4907,0.001,10036,4302,2019-04-29,
station03,乙-纯历史时序,随机森林RF,2.2986,5.0817,0.9614,4.0358,6.7437,0.773,10036,4302,2019-04-29,
station03,乙-纯历史时序,梯度提升树GBDT,2.1386,4.9577,0.9633,3.6999,6.5789,1.119,10036,4302,2019-04-29,
station03,乙-纯历史时序,LightGBM,2.1445,4.9138,0.9639,3.7186,6.52,0.316,10036,4302,2019-04-29,
station03,乙-纯历史时序,XGBoost,2.6615,5.5403,0.9542,4.5893,7.3513,0.134,10036,4302,2019-04-29,
station03,乙-纯历史时序,XGBoost(默认lr=0.3),3.0053,6.0063,0.9461,4.8905,7.9515,0.133,10036,4302,2019-04-29,
station03,丙-同时刻气象+历史,朴素基线: 上一时刻功率(Persistence),2.4744,5.1992,0.9595,4.3806,6.9337,0.0,10244,4391,2019-04-29,
station03,丙-同时刻气象+历史,线性回归,1.462,2.6973,0.9891,2.0563,3.5285,0.002,10244,4391,2019-04-29,
station03,丙-同时刻气象+历史,随机森林RF,1.2781,2.6324,0.9896,2.2746,3.512,0.717,10244,4391,2019-04-29,
station03,丙-同时刻气象+历史,梯度提升树GBDT,1.4809,2.8247,0.9881,2.531,3.7642,1.184,10244,4391,2019-04-29,
station03,丙-同时刻气象+历史,LightGBM,1.3748,2.8174,0.9881,2.4288,3.7582,0.32,10244,4391,2019-04-29,
station03,丙-同时刻气象+历史,XGBoost,1.4186,2.8873,0.9875,2.496,3.8516,0.134,10244,4391,2019-04-29,
station03,丙-同时刻气象+历史,XGBoost(默认lr=0.3),1.7766,3.3587,0.9831,3.028,4.4759,0.145,10244,4391,2019-04-29,
station04,甲-同时刻实测(lmd),朴素基线: 固定系数×辐射,5.6281,10.3337,0.9292,10.2785,13.965,0.0,23376,10019,2019-03-01,0.00091297
station04,甲-同时刻实测(lmd),线性回归,6.2078,10.2317,0.9306,9.9209,13.7163,0.002,23376,10019,2019-03-01,
station04,甲-同时刻实测(lmd),随机森林RF,5.9664,11.2123,0.9166,10.8963,15.1524,2.145,23376,10019,2019-03-01,
station04,甲-同时刻实测(lmd),梯度提升树GBDT,6.426,11.0376,0.9192,10.7216,14.7805,2.415,23376,10019,2019-03-01,
station04,甲-同时刻实测(lmd),LightGBM,5.6071,10.3407,0.9291,9.9981,13.967,0.393,23376,10019,2019-03-01,
station04,甲-同时刻实测(lmd),XGBoost,6.5828,11.9478,0.9053,11.462,16.1147,0.135,23376,10019,2019-03-01,
station04,甲-同时刻实测(lmd),XGBoost(默认lr=0.3),7.1858,12.2095,0.9011,11.9143,16.3474,0.13,23376,10019,2019-03-01,
station04,甲-同时刻预报(nwp),朴素基线: 固定系数×辐射,9.2215,17.5193,0.7965,16.8193,23.6673,0.0,23376,10019,2019-03-01,0.00146082
station04,甲-同时刻预报(nwp),线性回归,9.7883,15.041,0.85,14.4843,19.8504,0.002,23376,10019,2019-03-01,
station04,甲-同时刻预报(nwp),随机森林RF,7.5775,14.5479,0.8597,13.8206,19.6553,2.756,23376,10019,2019-03-01,
station04,甲-同时刻预报(nwp),梯度提升树GBDT,9.5538,16.8688,0.8113,16.4343,22.6389,3.233,23376,10019,2019-03-01,
station04,甲-同时刻预报(nwp),LightGBM,7.0516,13.2257,0.884,12.3566,17.8394,0.344,23376,10019,2019-03-01,
station04,甲-同时刻预报(nwp),XGBoost,7.6973,14.8258,0.8542,13.6285,20.0155,0.134,23376,10019,2019-03-01,
station04,甲-同时刻预报(nwp),XGBoost(默认lr=0.3),9.396,16.5399,0.8186,15.4065,22.1924,0.136,23376,10019,2019-03-01,
station04,乙-纯历史时序,朴素基线: 上一时刻功率(Persistence),4.1082,9.1345,0.9447,7.5016,12.349,0.0,23351,10008,2019-03-01,
station04,乙-纯历史时序,线性回归,4.2121,8.6128,0.9509,6.7387,11.5704,0.003,23351,10008,2019-03-01,
station04,乙-纯历史时序,随机森林RF,3.9237,8.7482,0.9493,7.1683,11.8267,2.612,23351,10008,2019-03-01,
station04,乙-纯历史时序,梯度提升树GBDT,4.0006,8.784,0.9489,7.2066,11.8738,2.584,23351,10008,2019-03-01,
station04,乙-纯历史时序,LightGBM,3.6997,8.4023,0.9532,6.7454,11.3583,0.349,23351,10008,2019-03-01,
station04,乙-纯历史时序,XGBoost,4.1692,9.1966,0.944,7.5973,12.4324,0.142,23351,10008,2019-03-01,
station04,乙-纯历史时序,XGBoost(默认lr=0.3),5.3806,11.0749,0.9188,9.2977,14.9379,0.133,23351,10008,2019-03-01,
station04,丙-同时刻气象+历史,朴素基线: 上一时刻功率(Persistence),4.1083,9.1313,0.9447,7.4956,12.3396,0.0,23374,10018,2019-03-01,
station04,丙-同时刻气象+历史,线性回归,3.3364,6.3222,0.9735,5.4188,8.5024,0.003,23374,10018,2019-03-01,
station04,丙-同时刻气象+历史,随机森林RF,3.4898,7.0242,0.9673,6.3738,9.4928,2.642,23374,10018,2019-03-01,
station04,丙-同时刻气象+历史,梯度提升树GBDT,3.927,7.2982,0.9647,6.8024,9.8266,2.727,23374,10018,2019-03-01,
station04,丙-同时刻气象+历史,LightGBM,3.4476,6.7911,0.9694,6.1947,9.1764,0.393,23374,10018,2019-03-01,
station04,丙-同时刻气象+历史,XGBoost,3.8803,7.4409,0.9633,6.9412,10.0494,0.138,23374,10018,2019-03-01,
station04,丙-同时刻气象+历史,XGBoost(默认lr=0.3),3.9713,7.5626,0.9621,6.8532,10.1968,0.133,23374,10018,2019-03-01,
station05,甲-同时刻实测(lmd),朴素基线: 固定系数×辐射,1.619,3.1616,0.9872,2.713,4.0927,0.0,6764,2899,2019-05-14,0.0008534
station05,甲-同时刻实测(lmd),线性回归,1.8523,2.9437,0.9889,2.5387,3.7147,0.001,6764,2899,2019-05-14,
station05,甲-同时刻实测(lmd),随机森林RF,1.206,2.672,0.9909,2.0075,3.4587,0.539,6764,2899,2019-05-14,
station05,甲-同时刻实测(lmd),梯度提升树GBDT,1.3607,2.5142,0.9919,2.0509,3.2317,0.768,6764,2899,2019-05-14,
station05,甲-同时刻实测(lmd),LightGBM,1.1584,2.3898,0.9927,1.8798,3.0917,0.327,6764,2899,2019-05-14,
station05,甲-同时刻实测(lmd),XGBoost,1.2324,2.6075,0.9913,2.0059,3.3735,0.142,6764,2899,2019-05-14,
station05,甲-同时刻实测(lmd),XGBoost(默认lr=0.3),1.4734,2.9507,0.9889,2.2905,3.8029,0.135,6764,2899,2019-05-14,
station05,甲-同时刻预报(nwp),朴素基线: 固定系数×辐射,6.0182,11.4329,0.8329,10.0827,14.7998,0.0,6764,2899,2019-05-14,0.00090142
station05,甲-同时刻预报(nwp),线性回归,6.5268,10.9698,0.8462,9.5147,14.0702,0.002,6764,2899,2019-05-14,
station05,甲-同时刻预报(nwp),随机森林RF,4.5647,9.702,0.8797,7.6443,12.5592,0.779,6764,2899,2019-05-14,
station05,甲-同时刻预报(nwp),梯度提升树GBDT,4.899,9.1539,0.8929,7.6198,11.7927,1.094,6764,2899,2019-05-14,
station05,甲-同时刻预报(nwp),LightGBM,4.6205,9.3326,0.8887,7.5393,12.0764,0.31,6764,2899,2019-05-14,
station05,甲-同时刻预报(nwp),XGBoost,4.9504,9.5949,0.8823,7.9083,12.402,0.136,6764,2899,2019-05-14,
station05,甲-同时刻预报(nwp),XGBoost(默认lr=0.3),5.4375,9.7422,0.8787,8.2486,12.5274,0.138,6764,2899,2019-05-14,
station05,乙-纯历史时序,朴素基线: 上一时刻功率(Persistence),2.9832,6.7181,0.9431,4.9075,8.621,0.0,6568,2816,2019-05-14,
station05,乙-纯历史时序,线性回归,2.7066,6.2205,0.9512,4.0671,7.9545,0.001,6568,2816,2019-05-14,
station05,乙-纯历史时序,随机森林RF,2.5695,6.0714,0.9535,4.2285,7.7912,0.599,6568,2816,2019-05-14,
station05,乙-纯历史时序,梯度提升树GBDT,4.0584,7.2014,0.9346,5.6903,8.8492,0.849,6568,2816,2019-05-14,
station05,乙-纯历史时序,LightGBM,2.7566,6.1494,0.9523,4.3391,7.8818,0.317,6568,2816,2019-05-14,
station05,乙-纯历史时序,XGBoost,3.5493,7.0982,0.9365,5.5715,9.0874,0.134,6568,2816,2019-05-14,
station05,乙-纯历史时序,XGBoost(默认lr=0.3),4.8419,7.6406,0.9264,6.6945,9.6209,0.135,6568,2816,2019-05-14,
station05,丙-同时刻气象+历史,朴素基线: 上一时刻功率(Persistence),2.921,6.6326,0.9438,4.8779,8.5753,0.0,6747,2892,2019-05-14,
station05,丙-同时刻气象+历史,线性回归,0.9556,2.3637,0.9929,1.5073,3.0535,0.001,6747,2892,2019-05-14,
station05,丙-同时刻气象+历史,随机森林RF,0.9821,2.3811,0.9928,1.6235,3.0783,0.657,6747,2892,2019-05-14,
station05,丙-同时刻气象+历史,梯度提升树GBDT,1.1462,2.4992,0.992,1.8493,3.2301,0.907,6747,2892,2019-05-14,
station05,丙-同时刻气象+历史,LightGBM,0.9512,2.2096,0.9938,1.541,2.8558,0.324,6747,2892,2019-05-14,
station05,丙-同时刻气象+历史,XGBoost,1.0186,2.4043,0.9926,1.6395,3.1061,0.136,6747,2892,2019-05-14,
station05,丙-同时刻气象+历史,XGBoost(默认lr=0.3),1.1966,2.5121,0.9919,1.8657,3.2323,0.137,6747,2892,2019-05-14,
station06,甲-同时刻实测(lmd),朴素基线: 固定系数×辐射,3.6993,6.383,0.9106,6.5061,8.465,0.0,21772,9332,2019-03-06,0.00058346
station06,甲-同时刻实测(lmd),线性回归,3.507,5.5799,0.9317,4.8395,7.1725,0.002,21772,9332,2019-03-06,
station06,甲-同时刻实测(lmd),随机森林RF,1.6462,3.5232,0.9728,2.8953,4.6724,1.739,21772,9332,2019-03-06,
station06,甲-同时刻实测(lmd),梯度提升树GBDT,1.6832,3.5897,0.9717,2.7801,4.7544,2.07,21772,9332,2019-03-06,
station06,甲-同时刻实测(lmd),LightGBM,1.6718,3.7903,0.9685,2.8947,5.0259,0.394,21772,9332,2019-03-06,
station06,甲-同时刻实测(lmd),XGBoost,1.646,3.673,0.9704,2.8543,4.8707,0.133,21772,9332,2019-03-06,
station06,甲-同时刻实测(lmd),XGBoost(默认lr=0.3),1.7273,3.8498,0.9675,2.9633,5.1028,0.123,21772,9332,2019-03-06,
station06,甲-同时刻预报(nwp),朴素基线: 固定系数×辐射,3.6988,7.6435,0.8719,6.5019,10.1356,0.0,21772,9332,2019-03-06,0.00063141
station06,甲-同时刻预报(nwp),线性回归,5.3938,8.0584,0.8576,7.3634,10.2747,0.003,21772,9332,2019-03-06,
station06,甲-同时刻预报(nwp),随机森林RF,3.659,7.4232,0.8791,6.4304,9.8431,2.606,21772,9332,2019-03-06,
station06,甲-同时刻预报(nwp),梯度提升树GBDT,3.7762,7.2205,0.8857,6.4172,9.5576,2.972,21772,9332,2019-03-06,
station06,甲-同时刻预报(nwp),LightGBM,3.4878,7.123,0.8887,6.0541,9.4429,0.34,21772,9332,2019-03-06,
station06,甲-同时刻预报(nwp),XGBoost,3.7718,7.582,0.8739,6.5141,10.0495,0.14,21772,9332,2019-03-06,
station06,甲-同时刻预报(nwp),XGBoost(默认lr=0.3),4.4306,8.0628,0.8574,7.2558,10.6438,0.134,21772,9332,2019-03-06,
station06,乙-纯历史时序,朴素基线: 上一时刻功率(Persistence),2.1838,4.6937,0.9517,3.8279,6.2173,0.0,21722,9310,2019-03-06,
station06,乙-纯历史时序,线性回归,2.1102,4.3864,0.9578,3.3575,5.7854,0.002,21722,9310,2019-03-06,
station06,乙-纯历史时序,随机森林RF,1.8571,4.3858,0.9579,3.2576,5.8095,2.29,21722,9310,2019-03-06,
station06,乙-纯历史时序,梯度提升树GBDT,1.9512,4.3707,0.9581,3.3646,5.7889,2.684,21722,9310,2019-03-06,
station06,乙-纯历史时序,LightGBM,1.8012,4.3128,0.9592,3.149,5.7127,0.379,21722,9310,2019-03-06,
station06,乙-纯历史时序,XGBoost,2.1168,4.817,0.9492,3.6868,6.3805,0.138,21722,9310,2019-03-06,
station06,乙-纯历史时序,XGBoost(默认lr=0.3),2.3808,5.2724,0.9391,4.0796,6.9779,0.132,21722,9310,2019-03-06,
station06,丙-同时刻气象+历史,朴素基线: 上一时刻功率(Persistence),2.1791,4.6887,0.9518,3.8279,6.2173,0.0,21768,9330,2019-03-06,
station06,丙-同时刻气象+历史,线性回归,1.0527,2.4514,0.9868,1.7348,3.2467,0.002,21768,9330,2019-03-06,
station06,丙-同时刻气象+历史,随机森林RF,1.0151,2.5727,0.9855,1.785,3.4114,2.271,21768,9330,2019-03-06,
station06,丙-同时刻气象+历史,梯度提升树GBDT,1.3599,2.8538,0.9821,2.2965,3.7824,2.466,21768,9330,2019-03-06,
station06,丙-同时刻气象+历史,LightGBM,1.1473,2.7192,0.9838,2.0064,3.6057,0.358,21768,9330,2019-03-06,
station06,丙-同时刻气象+历史,XGBoost,1.1691,2.7247,0.9837,2.0206,3.6126,0.133,21768,9330,2019-03-06,
station06,丙-同时刻气象+历史,XGBoost(默认lr=0.3),1.278,2.8206,0.9826,2.1634,3.7374,0.132,21768,9330,2019-03-06,
station07,甲-同时刻实测(lmd),朴素基线: 固定系数×辐射,3.4076,6.3782,0.9327,3.6351,6.5876,0.0,23044,9877,2019-02-26,0.00063616
station07,甲-同时刻实测(lmd),线性回归,3.6143,6.0855,0.9388,3.7511,6.2627,0.002,23044,9877,2019-02-26,
station07,甲-同时刻实测(lmd),随机森林RF,3.4918,7.0626,0.9175,3.7248,7.2945,1.687,23044,9877,2019-02-26,
station07,甲-同时刻实测(lmd),梯度提升树GBDT,7.564,10.4302,0.8201,7.7912,10.5924,2.254,23044,9877,2019-02-26,
station07,甲-同时刻实测(lmd),LightGBM,3.6743,6.4348,0.9315,3.8753,6.6389,0.336,23044,9877,2019-02-26,
station07,甲-同时刻实测(lmd),XGBoost,4.5646,7.8314,0.8986,4.8277,8.0834,0.13,23044,9877,2019-02-26,
station07,甲-同时刻实测(lmd),XGBoost(默认lr=0.3),5.6214,8.7832,0.8724,5.9269,9.0582,0.129,23044,9877,2019-02-26,
station07,甲-同时刻预报(nwp),朴素基线: 固定系数×辐射,4.985,9.8943,0.8381,5.3159,10.219,0.0,23044,9877,2019-02-26,0.00080057
station07,甲-同时刻预报(nwp),线性回归,6.0391,9.8164,0.8406,6.3131,10.1219,0.002,23044,9877,2019-02-26,
station07,甲-同时刻预报(nwp),随机森林RF,4.3901,8.9028,0.8689,4.6828,9.1951,2.424,23044,9877,2019-02-26,
station07,甲-同时刻预报(nwp),梯度提升树GBDT,5.572,10.0666,0.8324,5.9199,10.3936,3.191,23044,9877,2019-02-26,
station07,甲-同时刻预报(nwp),LightGBM,5.4113,9.8901,0.8382,5.743,10.2135,0.404,23044,9877,2019-02-26,
station07,甲-同时刻预报(nwp),XGBoost,5.7206,10.5304,0.8166,6.0835,10.8757,0.137,23044,9877,2019-02-26,
station07,甲-同时刻预报(nwp),XGBoost(默认lr=0.3),6.5316,11.5136,0.7808,6.933,11.8893,0.16,23044,9877,2019-02-26,
station07,乙-纯历史时序,朴素基线: 上一时刻功率(Persistence),2.3445,5.0353,0.9581,2.4949,5.1954,0.0,22969,9844,2019-02-26,
station07,乙-纯历史时序,线性回归,2.4054,4.7325,0.963,2.5186,4.8789,0.003,22969,9844,2019-02-26,
station07,乙-纯历史时序,随机森林RF,2.9023,5.9226,0.9421,3.0899,6.1111,2.293,22969,9844,2019-02-26,
station07,乙-纯历史时序,梯度提升树GBDT,2.7175,5.8112,0.9442,2.8873,5.996,2.495,22969,9844,2019-02-26,
station07,乙-纯历史时序,LightGBM,2.4044,5.0109,0.9585,2.5583,5.1704,0.381,22969,9844,2019-02-26,
station07,乙-纯历史时序,XGBoost,3.0807,6.2194,0.9361,3.2785,6.4174,0.137,22969,9844,2019-02-26,
station07,乙-纯历史时序,XGBoost(默认lr=0.3),4.0131,8.2726,0.887,4.2705,8.5359,0.138,22969,9844,2019-02-26,
station07,丙-同时刻气象+历史,朴素基线: 上一时刻功率(Persistence),2.3373,5.0276,0.9582,2.4917,5.192,0.0,23038,9874,2019-02-26,
station07,丙-同时刻气象+历史,线性回归,1.7383,3.4383,0.9805,1.8264,3.5488,0.003,23038,9874,2019-02-26,
station07,丙-同时刻气象+历史,随机森林RF,2.1047,4.6861,0.9637,2.2447,4.8395,2.275,23038,9874,2019-02-26,
station07,丙-同时刻气象+历史,梯度提升树GBDT,2.0908,4.0913,0.9723,2.2112,4.2237,2.535,23038,9874,2019-02-26,
station07,丙-同时刻气象+历史,LightGBM,1.9185,4.2354,0.9703,2.0446,4.374,0.401,23038,9874,2019-02-26,
station07,丙-同时刻气象+历史,XGBoost,2.0926,4.6704,0.9639,2.2305,4.8233,0.132,23038,9874,2019-02-26,
station07,丙-同时刻气象+历史,XGBoost(默认lr=0.3),2.4665,5.2504,0.9544,2.6267,5.422,0.133,23038,9874,2019-02-26,
station08,甲-同时刻实测(lmd),朴素基线: 固定系数×辐射,1.8018,3.5163,0.9813,3.3542,4.7977,0.0,23168,9930,2019-03-02,0.00077675
station08,甲-同时刻实测(lmd),线性回归,1.9687,3.3857,0.9827,3.0401,4.5524,0.002,23168,9930,2019-03-02,
station08,甲-同时刻实测(lmd),随机森林RF,1.8234,3.711,0.9792,3.3945,5.0634,2.114,23168,9930,2019-03-02,
station08,甲-同时刻实测(lmd),梯度提升树GBDT,1.8955,4.0038,0.9758,3.3731,5.4397,2.296,23168,9930,2019-03-02,
station08,甲-同时刻实测(lmd),LightGBM,1.6762,3.3659,0.9829,3.0843,4.5914,0.326,23168,9930,2019-03-02,
station08,甲-同时刻实测(lmd),XGBoost,1.7345,3.4408,0.9821,3.1074,4.6854,0.13,23168,9930,2019-03-02,
station08,甲-同时刻实测(lmd),XGBoost(默认lr=0.3),2.0769,3.9039,0.977,3.5753,5.281,0.134,23168,9930,2019-03-02,
station08,甲-同时刻预报(nwp),朴素基线: 固定系数×辐射,5.4884,10.3096,0.8394,10.2016,14.0631,0.0,23168,9930,2019-03-02,0.00090526
station08,甲-同时刻预报(nwp),线性回归,6.0859,9.9045,0.8518,9.8501,13.3801,0.003,23168,9930,2019-03-02,
station08,甲-同时刻预报(nwp),随机森林RF,5.4872,10.871,0.8214,10.1986,14.8312,2.955,23168,9930,2019-03-02,
station08,甲-同时刻预报(nwp),梯度提升树GBDT,5.8188,9.4807,0.8642,9.365,12.756,3.224,23168,9930,2019-03-02,
station08,甲-同时刻预报(nwp),LightGBM,5.6169,9.4135,0.8661,9.214,12.7404,0.393,23168,9930,2019-03-02,
station08,甲-同时刻预报(nwp),XGBoost,5.4458,10.052,0.8473,9.6648,13.6952,0.158,23168,9930,2019-03-02,
station08,甲-同时刻预报(nwp),XGBoost(默认lr=0.3),6.1355,10.4746,0.8342,10.0704,14.1303,0.138,23168,9930,2019-03-02,
station08,乙-纯历史时序,朴素基线: 上一时刻功率(Persistence),2.5036,5.475,0.9548,4.6396,7.4599,0.0,23017,9865,2019-03-02,
station08,乙-纯历史时序,线性回归,2.4689,5.0956,0.9609,4.038,6.9001,0.002,23017,9865,2019-03-02,
station08,乙-纯历史时序,随机森林RF,2.3998,5.4146,0.9558,4.4507,7.378,2.67,23017,9865,2019-03-02,
station08,乙-纯历史时序,梯度提升树GBDT,2.3312,5.3077,0.9575,4.2463,7.2314,2.653,23017,9865,2019-03-02,
station08,乙-纯历史时序,LightGBM,2.2609,5.1348,0.9603,4.1708,6.9965,0.366,23017,9865,2019-03-02,
station08,乙-纯历史时序,XGBoost,2.4053,5.3412,0.957,4.4416,7.2779,0.138,23017,9865,2019-03-02,
station08,乙-纯历史时序,XGBoost(默认lr=0.3),3.217,6.0566,0.9447,5.1766,8.1247,0.155,23017,9865,2019-03-02,
station08,丙-同时刻气象+历史,朴素基线: 上一时刻功率(Persistence),2.4932,5.4601,0.955,4.632,7.4493,0.0,23156,9924,2019-03-02,
station08,丙-同时刻气象+历史,线性回归,1.2176,2.5061,0.9905,1.9352,3.395,0.003,23156,9924,2019-03-02,
station08,丙-同时刻气象+历史,随机森林RF,1.1749,2.7737,0.9884,2.187,3.7844,2.692,23156,9924,2019-03-02,
station08,丙-同时刻气象+历史,梯度提升树GBDT,1.5182,3.264,0.9839,2.7734,4.4526,2.553,23156,9924,2019-03-02,
station08,丙-同时刻气象+历史,LightGBM,1.1769,2.6719,0.9892,2.1646,3.6453,0.39,23156,9924,2019-03-02,
station08,丙-同时刻气象+历史,XGBoost,1.2796,2.7962,0.9882,2.3282,3.8142,0.139,23156,9924,2019-03-02,
station08,丙-同时刻气象+历史,XGBoost(默认lr=0.3),1.2798,2.7164,0.9889,2.2971,3.7002,0.135,23156,9924,2019-03-02,
station09,甲-同时刻实测(lmd),朴素基线: 固定系数×辐射,3.0805,8.3758,0.6353,5.4644,11.1554,0.0,17001,7287,2019-03-27,0.0002936
station09,甲-同时刻实测(lmd),线性回归,3.3866,8.2449,0.6466,5.0823,10.9266,0.001,17001,7287,2019-03-27,
station09,甲-同时刻实测(lmd),随机森林RF,2.7037,8.2805,0.6435,4.7959,11.0284,1.215,17001,7287,2019-03-27,
station09,甲-同时刻实测(lmd),梯度提升树GBDT,2.6803,8.052,0.6629,4.6581,10.7221,1.838,17001,7287,2019-03-27,
station09,甲-同时刻实测(lmd),LightGBM,2.6768,8.094,0.6594,4.6894,10.7798,0.385,17001,7287,2019-03-27,
station09,甲-同时刻实测(lmd),XGBoost,2.6612,8.1609,0.6537,4.7101,10.8692,0.133,17001,7287,2019-03-27,
station09,甲-同时刻实测(lmd),XGBoost(默认lr=0.3),2.7213,8.1142,0.6577,4.7695,10.8065,0.135,17001,7287,2019-03-27,
station09,甲-同时刻预报(nwp),朴素基线: 固定系数×辐射,2.8164,5.4624,0.8449,4.994,7.2751,0.0,17001,7287,2019-03-27,0.00040792
station09,甲-同时刻预报(nwp),线性回归,3.3172,5.5888,0.8376,5.2238,7.3863,0.002,17001,7287,2019-03-27,
station09,甲-同时刻预报(nwp),随机森林RF,3.4989,6.463,0.7828,5.7529,8.4321,1.986,17001,7287,2019-03-27,
station09,甲-同时刻预报(nwp),梯度提升树GBDT,3.5052,5.8858,0.8199,5.2747,7.6845,2.409,17001,7287,2019-03-27,
station09,甲-同时刻预报(nwp),LightGBM,3.037,5.7926,0.8255,5.1911,7.709,0.338,17001,7287,2019-03-27,
station09,甲-同时刻预报(nwp),XGBoost,3.3004,6.1043,0.8063,5.4581,8.0646,0.132,17001,7287,2019-03-27,
station09,甲-同时刻预报(nwp),XGBoost(默认lr=0.3),3.6052,6.8755,0.7542,6.0144,9.1277,0.125,17001,7287,2019-03-27,
station09,乙-纯历史时序,朴素基线: 上一时刻功率(Persistence),1.3772,3.1971,0.9469,2.4357,4.2528,0.0,16959,7269,2019-03-27,
station09,乙-纯历史时序,线性回归,1.387,3.1819,0.9474,2.1892,4.2179,0.002,16959,7269,2019-03-27,
station09,乙-纯历史时序,随机森林RF,1.389,3.4133,0.9395,2.4564,4.5404,1.4,16959,7269,2019-03-27,
station09,乙-纯历史时序,梯度提升树GBDT,1.4452,3.6417,0.9311,2.5313,4.8441,1.965,16959,7269,2019-03-27,
station09,乙-纯历史时序,LightGBM,1.4235,3.5328,0.9352,2.495,4.6991,0.375,16959,7269,2019-03-27,
station09,乙-纯历史时序,XGBoost,1.5865,4.0831,0.9134,2.7987,5.4314,0.135,16959,7269,2019-03-27,
station09,乙-纯历史时序,XGBoost(默认lr=0.3),1.8856,4.6547,0.8875,3.2382,6.1889,0.147,16959,7269,2019-03-27,
station09,丙-同时刻气象+历史,朴素基线: 上一时刻功率(Persistence),1.3741,3.1936,0.947,2.4357,4.2528,0.0,16998,7285,2019-03-27,
station09,丙-同时刻气象+历史,线性回归,0.6759,1.9425,0.9804,1.1219,2.585,0.002,16998,7285,2019-03-27,
station09,丙-同时刻气象+历史,随机森林RF,2.2557,7.942,0.6721,4.0001,10.5763,1.511,16998,7285,2019-03-27,
station09,丙-同时刻气象+历史,梯度提升树GBDT,2.0601,7.043,0.7421,3.6167,9.3788,1.992,16998,7285,2019-03-27,
station09,丙-同时刻气象+历史,LightGBM,2.0805,7.2989,0.7231,3.6685,9.7198,0.323,16998,7285,2019-03-27,
station09,丙-同时刻气象+历史,XGBoost,2.1021,7.1639,0.7332,3.7164,9.5399,0.134,16998,7285,2019-03-27,
station09,丙-同时刻气象+历史,XGBoost(默认lr=0.3),2.0889,7.065,0.7405,3.6656,9.408,0.163,16998,7285,2019-03-27,
