口径,维度,分组,样本数,RF_MAE,基线_MAE,降幅
全天有光照,晴度,多云 (0.35≤kt<0.6),8192,4.6827,6.4588,27.5
全天有光照,晴度,晴 (kt≥0.6),15185,5.67,4.9992,-13.42
全天有光照,晴度,阴 (kt<0.35),11399,4.4151,4.43,0.34
全天有光照,辐射突变,剧变 >60,10904,8.3646,10.1764,17.8
全天有光照,辐射突变,平稳 <10,4854,4.0885,1.6087,-154.15
全天有光照,辐射突变,突变 30~60,11014,3.3544,3.9167,14.36
全天有光照,辐射突变,缓变 10~30,8004,3.3468,2.1752,-53.86
全天有光照,光照强度,中光 200~600,11575,5.3009,6.8874,23.03
全天有光照,光照强度,弱光 <200,10287,3.1189,3.3416,6.67
全天有光照,光照强度,强光 ≥600,12914,6.299,5.0506,-24.72
有效发电(辐射>50),晴度,多云 (0.35≤kt<0.6),8192,4.6827,6.4588,27.5
有效发电(辐射>50),晴度,晴 (kt≥0.6),15185,5.67,4.9992,-13.42
有效发电(辐射>50),晴度,阴 (kt<0.35),8794,4.7585,5.1577,7.74
有效发电(辐射>50),辐射突变,剧变 >60,10827,8.3682,10.1932,17.9
有效发电(辐射>50),辐射突变,平稳 <10,3276,4.2285,1.6077,-163.01
有效发电(辐射>50),辐射突变,突变 30~60,10853,3.349,3.9189,14.54
有效发电(辐射>50),辐射突变,缓变 10~30,7215,3.5349,2.2203,-59.21
有效发电(辐射>50),光照强度,中光 200~600,11575,5.3009,6.8874,23.03
有效发电(辐射>50),光照强度,弱光 <200,7682,3.0725,3.8057,19.27
有效发电(辐射>50),光照强度,强光 ≥600,12914,6.299,5.0506,-24.72
