station,设定,方案,特征数,MAE,相对完整变化
station00,甲-同时刻实测(lmd),完整（10 个特征）,10,1.8229,0.0
station00,甲-同时刻实测(lmd),删气温（9 个）,9,1.8709,2.63
station00,甲-同时刻实测(lmd),删气温+气压+风速（7 个）,7,1.863,2.2
station00,乙-纯历史时序,完整（12 个特征）,12,2.3698,0.0
station00,乙-纯历史时序,删气温滞后（10 个）,10,2.3448,-1.05
station00,乙-纯历史时序,删时刻编码（8 个）,8,2.3206,-2.07
station00,乙-纯历史时序,只留上一刻功率（5 个）,5,2.3881,0.77
station00,丙-同时刻气象+历史,完整（12 个特征）,12,1.541,0.0
station00,丙-同时刻气象+历史,删全部同时刻气象（6 个）,6,2.4255,57.4
station00,丙-同时刻气象+历史,只留上一刻功率（5 个）,5,2.3881,54.97
station01,甲-同时刻实测(lmd),完整（10 个特征）,10,2.2561,0.0
station01,甲-同时刻实测(lmd),删气温（9 个）,9,2.209,-2.09
station01,甲-同时刻实测(lmd),删气温+气压+风速（7 个）,7,2.1834,-3.22
station01,乙-纯历史时序,完整（12 个特征）,12,2.3774,0.0
station01,乙-纯历史时序,删气温滞后（10 个）,10,2.403,1.08
station01,乙-纯历史时序,删时刻编码（8 个）,8,2.5138,5.73
station01,乙-纯历史时序,只留上一刻功率（5 个）,5,2.5343,6.6
station01,丙-同时刻气象+历史,完整（12 个特征）,12,1.3991,0.0
station01,丙-同时刻气象+历史,删全部同时刻气象（6 个）,6,2.6125,86.73
station01,丙-同时刻气象+历史,只留上一刻功率（5 个）,5,2.5343,81.15
station02,甲-同时刻实测(lmd),完整（10 个特征）,10,2.2218,0.0
station02,甲-同时刻实测(lmd),删气温（9 个）,9,2.1372,-3.8
station02,甲-同时刻实测(lmd),删气温+气压+风速（7 个）,7,2.0692,-6.87
station02,乙-纯历史时序,完整（12 个特征）,12,2.2763,0.0
station02,乙-纯历史时序,删气温滞后（10 个）,10,2.2764,0.0
station02,乙-纯历史时序,删时刻编码（8 个）,8,2.3583,3.61
station02,乙-纯历史时序,只留上一刻功率（5 个）,5,2.4562,7.91
station02,丙-同时刻气象+历史,完整（12 个特征）,12,1.4489,0.0
station02,丙-同时刻气象+历史,删全部同时刻气象（6 个）,6,2.3975,65.47
station02,丙-同时刻气象+历史,只留上一刻功率（5 个）,5,2.4562,69.52
station03,甲-同时刻实测(lmd),完整（10 个特征）,10,2.0641,0.0
station03,甲-同时刻实测(lmd),删气温（9 个）,9,2.1103,2.24
station03,甲-同时刻实测(lmd),删气温+气压+风速（7 个）,7,2.0931,1.4
station03,乙-纯历史时序,完整（12 个特征）,12,2.2986,0.0
station03,乙-纯历史时序,删气温滞后（10 个）,10,2.2652,-1.45
station03,乙-纯历史时序,删时刻编码（8 个）,8,2.211,-3.81
station03,乙-纯历史时序,只留上一刻功率（5 个）,5,3.0338,31.98
station03,丙-同时刻气象+历史,完整（12 个特征）,12,1.2781,0.0
station03,丙-同时刻气象+历史,删全部同时刻气象（6 个）,6,3.0276,136.88
station03,丙-同时刻气象+历史,只留上一刻功率（5 个）,5,3.0338,137.36
station04,甲-同时刻实测(lmd),完整（10 个特征）,10,5.9664,0.0
station04,甲-同时刻实测(lmd),删气温（9 个）,9,6.1295,2.73
station04,甲-同时刻实测(lmd),删气温+气压+风速（7 个）,7,6.071,1.75
station04,乙-纯历史时序,完整（12 个特征）,12,3.9237,0.0
station04,乙-纯历史时序,删气温滞后（10 个）,10,4.0094,2.19
station04,乙-纯历史时序,删时刻编码（8 个）,8,3.9156,-0.2
station04,乙-纯历史时序,只留上一刻功率（5 个）,5,4.1271,5.19
station04,丙-同时刻气象+历史,完整（12 个特征）,12,3.4898,0.0
station04,丙-同时刻气象+历史,删全部同时刻气象（6 个）,6,4.2038,20.46
station04,丙-同时刻气象+历史,只留上一刻功率（5 个）,5,4.1271,18.26
station05,甲-同时刻实测(lmd),完整（10 个特征）,10,1.206,0.0
station05,甲-同时刻实测(lmd),删气温（9 个）,9,1.184,-1.82
station05,甲-同时刻实测(lmd),删气温+气压+风速（7 个）,7,1.1976,-0.69
station05,乙-纯历史时序,完整（12 个特征）,12,2.5695,0.0
station05,乙-纯历史时序,删气温滞后（10 个）,10,2.4791,-3.52
station05,乙-纯历史时序,删时刻编码（8 个）,8,2.5451,-0.95
station05,乙-纯历史时序,只留上一刻功率（5 个）,5,2.8255,9.96
station05,丙-同时刻气象+历史,完整（12 个特征）,12,0.9821,0.0
station05,丙-同时刻气象+历史,删全部同时刻气象（6 个）,6,2.627,167.48
station05,丙-同时刻气象+历史,只留上一刻功率（5 个）,5,2.8255,187.69
station06,甲-同时刻实测(lmd),完整（10 个特征）,10,1.6462,0.0
station06,甲-同时刻实测(lmd),删气温（9 个）,9,1.633,-0.8
station06,甲-同时刻实测(lmd),删气温+气压+风速（7 个）,7,1.6175,-1.74
station06,乙-纯历史时序,完整（12 个特征）,12,1.8571,0.0
station06,乙-纯历史时序,删气温滞后（10 个）,10,1.8641,0.37
station06,乙-纯历史时序,删时刻编码（8 个）,8,1.9057,2.61
station06,乙-纯历史时序,只留上一刻功率（5 个）,5,2.0731,11.63
station06,丙-同时刻气象+历史,完整（12 个特征）,12,1.0151,0.0
station06,丙-同时刻气象+历史,删全部同时刻气象（6 个）,6,2.0218,99.17
station06,丙-同时刻气象+历史,只留上一刻功率（5 个）,5,2.0731,104.22
station07,甲-同时刻实测(lmd),完整（10 个特征）,10,3.4918,0.0
station07,甲-同时刻实测(lmd),删气温（9 个）,9,3.3588,-3.81
station07,甲-同时刻实测(lmd),删气温+气压+风速（7 个）,7,3.1802,-8.92
station07,乙-纯历史时序,完整（12 个特征）,12,2.9023,0.0
station07,乙-纯历史时序,删气温滞后（10 个）,10,2.8721,-1.04
station07,乙-纯历史时序,删时刻编码（8 个）,8,2.8633,-1.34
station07,乙-纯历史时序,只留上一刻功率（5 个）,5,3.2556,12.17
station07,丙-同时刻气象+历史,完整（12 个特征）,12,2.1047,0.0
station07,丙-同时刻气象+历史,删全部同时刻气象（6 个）,6,3.278,55.75
station07,丙-同时刻气象+历史,只留上一刻功率（5 个）,5,3.2556,54.69
station08,甲-同时刻实测(lmd),完整（10 个特征）,10,1.8234,0.0
station08,甲-同时刻实测(lmd),删气温（9 个）,9,1.9372,6.24
station08,甲-同时刻实测(lmd),删气温+气压+风速（7 个）,7,1.8822,3.22
station08,乙-纯历史时序,完整（12 个特征）,12,2.3998,0.0
station08,乙-纯历史时序,删气温滞后（10 个）,10,2.4003,0.02
station08,乙-纯历史时序,删时刻编码（8 个）,8,2.3195,-3.34
station08,乙-纯历史时序,只留上一刻功率（5 个）,5,3.1137,29.75
station08,丙-同时刻气象+历史,完整（12 个特征）,12,1.1749,0.0
station08,丙-同时刻气象+历史,删全部同时刻气象（6 个）,6,3.0193,156.98
station08,丙-同时刻气象+历史,只留上一刻功率（5 个）,5,3.1137,165.02
station09,甲-同时刻实测(lmd),完整（10 个特征）,10,2.7037,0.0
station09,甲-同时刻实测(lmd),删气温（9 个）,9,2.6806,-0.85
station09,甲-同时刻实测(lmd),删气温+气压+风速（7 个）,7,2.6801,-0.87
station09,乙-纯历史时序,完整（12 个特征）,12,1.389,0.0
station09,乙-纯历史时序,删气温滞后（10 个）,10,1.3225,-4.79
station09,乙-纯历史时序,删时刻编码（8 个）,8,1.432,3.1
station09,乙-纯历史时序,只留上一刻功率（5 个）,5,1.3235,-4.71
station09,丙-同时刻气象+历史,完整（12 个特征）,12,2.2557,0.0
station09,丙-同时刻气象+历史,删全部同时刻气象（6 个）,6,1.3385,-40.66
station09,丙-同时刻气象+历史,只留上一刻功率（5 个）,5,1.3235,-41.32
