station,变量,相关,RMSE,归一化RMSE
station00,总辐射,0.9344564814001232,92.15567275241722,0.3562578994901579
station00,气温,0.9742921219364639,2.5419251740308693,0.23992393519901686
station00,气压,0.9943896175334719,1.225280277413153,0.11730912433175553
station00,风速,0.546445738225362,2.7189630322842238,1.9371418135485128
station01,总辐射,0.9106466550064849,115.35664109839594,0.4249751557310925
station01,气温,0.9883326270541789,1.8567237521080187,0.15773085228682085
station01,气压,0.9964416650008701,2.467429655395662,0.23425685052771233
station01,风速,0.6482165911328951,3.5731463326702886,2.9331995203262196
station02,总辐射,0.8980274689205421,114.03740201430698,0.4415220643043075
station02,气温,0.9826442732730893,2.1604360981255413,0.19996737577604254
station02,气压,0.993352955045619,1.6806432618538885,0.18155662642505183
station02,风速,0.4371977769537602,3.3465230459336732,3.4909467697306225
station03,总辐射,0.9323045328751639,101.55155516601506,0.3806152138019275
station03,气温,0.9768462002146436,2.3261363312232093,0.21970874878290286
station03,气压,0.9919844752356825,1.8074633159675657,0.21537577968698715
station03,风速,0.37053649254299326,3.5376710123350197,3.9270389363002516
station04,总辐射,0.8531905045279561,208.25836846972155,0.5921169872824515
station04,气温,0.9677761312168488,3.04768956089515,0.2632904385275367
station04,气压,0.9820163501456802,2.1025861629496037,0.3896602618419223
station04,风速,0.43405379042016284,4.614087425456518,4.339817424007065
station05,总辐射,0.9330177775098814,115.54202528753008,0.3600954692100121
station05,气温,0.9636667244684634,2.331504977541421,0.3067191669256824
station05,气压,0.9851984903943222,2.4089892660121466,0.3415319129498579
station05,风速,0.4794123974260155,3.2815800650302553,2.1822386942888707
station06,总辐射,0.904757912858742,113.48096026161458,0.4271030075987409
station06,气温,0.9810588393438889,2.2192894620027404,0.1951438947145079
station06,气压,0.9941166924701217,8.625154474048236,0.7848795567868707
station06,风速,0.44287609009838724,3.815569164870558,3.383918003332491
station07,总辐射,0.8679323875351185,163.41226445503833,0.5202642356240943
station07,气温,0.9798398239436303,2.2032458604971494,0.20226825259466794
station07,气压,0.9922642997162061,4.030077327009709,0.5118209843514904
station07,风速,0.35269754243643586,3.498808787207031,3.9978021232847722
station08,总辐射,0.8907008380806997,128.72219181335265,0.4590893840428369
station08,气温,0.9839890769923935,1.949296541701515,0.18327653359372478
station08,气压,0.9937638785688149,1.138998577840844,0.1348270270938041
station08,风速,0.4191318446952613,3.0877256629738494,1.8250904715618204
station09,总辐射,0.8854487588204275,159.47754941177092,0.492828417893048
station09,气温,0.9748906378446995,2.3013800407480227,0.22737486184064468
station09,气压,0.9931139248131657,1.300457999318581,0.12642034061119875
station09,风速,0.5517533903490761,3.0321526090237585,2.593929700626373
