station,设定,少报比例,多报比例,完全准确比例,平均带符号误差bias,少报均值_白天,多报均值_白天,少报累计_白天,多报累计_白天,少报峰值_白天,n断面,n白天,方法
station00,甲-同时刻实测(lmd),26.83,28.85,44.32,0.0139,0.011,0.025,53.2671,120.4575,0.011,8669,4827,基线:固定系数×辐射
station00,甲-同时刻实测(lmd),15.79,84.21,0.0,0.0272,0.0075,0.0347,36.3479,167.5506,0.0075,8669,4827,线性回归
station00,甲-同时刻实测(lmd),22.52,32.59,44.9,0.0076,0.0126,0.0202,60.6592,97.364,0.0126,8669,4827,随机森林RF
station00,甲-同时刻实测(lmd),22.27,77.73,0.0,0.0206,0.0074,0.0279,35.4941,134.9139,0.0074,8669,4827,LightGBM
station00,甲-同时刻预报(nwp),22.09,33.74,44.17,0.0061,0.0352,0.0412,169.6863,199.0215,0.0352,8669,4827,基线:固定系数×辐射
station00,甲-同时刻预报(nwp),23.17,76.83,0.0,0.0263,0.0307,0.057,148.2246,275.0858,0.0307,8669,4827,线性回归
station00,甲-同时刻预报(nwp),23.54,33.2,43.26,0.013,0.028,0.0411,135.2659,198.1665,0.028,8669,4827,随机森林RF
station00,甲-同时刻预报(nwp),26.37,73.63,0.0,0.0371,0.0188,0.056,90.9556,270.0723,0.0188,8669,4827,LightGBM
station00,乙-纯历史时序,27.57,25.94,46.49,-0.0,0.0209,0.0209,100.8995,100.8755,0.0209,8654,4820,基线:Persistence
station00,乙-纯历史时序,42.4,57.6,0.0,-0.0048,0.0204,0.0156,98.5198,75.2703,0.0204,8654,4820,线性回归
station00,乙-纯历史时序,30.29,25.85,43.86,-0.006,0.0243,0.0182,117.0977,87.9398,0.0243,8654,4820,随机森林RF
station00,乙-纯历史时序,38.4,61.6,0.0,0.0004,0.0174,0.0178,83.814,85.7249,0.0174,8654,4820,LightGBM
station00,丙-同时刻气象+历史,27.53,25.97,46.5,0.0,0.0209,0.0209,100.8995,101.0439,0.0209,8667,4825,基线:Persistence
station00,丙-同时刻气象+历史,23.5,76.5,0.0,0.0051,0.0071,0.0123,34.2789,59.1194,0.0071,8667,4825,线性回归
station00,丙-同时刻气象+历史,22.23,32.91,44.86,0.0022,0.0128,0.0149,61.5803,71.9805,0.0128,8667,4825,随机森林RF
station00,丙-同时刻气象+历史,30.97,69.03,0.0,0.0129,0.0065,0.0194,31.4764,93.5134,0.0065,8667,4825,LightGBM
station01,甲-同时刻实测(lmd),7.98,47.98,44.04,0.0621,0.0074,0.0695,41.5161,389.5443,0.0074,10015,5604,基线:固定系数×辐射
station01,甲-同时刻实测(lmd),56.73,43.27,0.0,0.0477,0.0108,0.0584,60.3194,327.3886,0.0108,10015,5604,线性回归
station01,甲-同时刻实测(lmd),28.55,27.97,43.48,-0.0103,0.0253,0.015,141.732,84.2074,0.0253,10015,5604,随机森林RF
station01,甲-同时刻实测(lmd),48.39,51.61,0.0,-0.014,0.0264,0.0124,147.8768,69.2145,0.0264,10015,5604,LightGBM
station01,甲-同时刻预报(nwp),11.64,43.18,45.18,0.0834,0.0255,0.1089,142.9417,610.1445,0.0255,10015,5604,基线:固定系数×辐射
station01,甲-同时刻预报(nwp),44.86,55.14,0.0,0.0608,0.0281,0.0889,157.7243,498.2236,0.0281,10015,5604,线性回归
station01,甲-同时刻预报(nwp),31.92,23.24,44.84,-0.046,0.0733,0.0272,410.6587,152.7089,0.0733,10015,5604,随机森林RF
station01,甲-同时刻预报(nwp),70.88,29.12,0.0,-0.0571,0.0797,0.0225,446.3903,126.3623,0.0797,10015,5604,LightGBM
station01,乙-纯历史时序,27.45,26.48,46.08,-0.0002,0.0248,0.0246,138.6183,137.6326,0.0248,9925,5592,基线:Persistence
station01,乙-纯历史时序,63.52,36.48,0.0,-0.0095,0.0255,0.016,142.5258,89.5183,0.0255,9925,5592,线性回归
station01,乙-纯历史时序,31.9,26.6,41.5,-0.0086,0.0253,0.0168,141.5656,93.7449,0.0253,9925,5592,随机森林RF
station01,乙-纯历史时序,43.46,56.54,0.0,-0.0052,0.022,0.0168,123.0304,93.8524,0.022,9925,5592,LightGBM
station01,丙-同时刻气象+历史,27.23,26.34,46.43,-0.0001,0.0248,0.0246,138.6396,137.8715,0.0248,10008,5601,基线:Persistence
station01,丙-同时刻气象+历史,56.79,43.21,0.0,0.0054,0.0089,0.0143,50.0186,80.3121,0.0089,10008,5601,线性回归
station01,丙-同时刻气象+历史,24.38,30.47,45.15,0.0014,0.0118,0.0132,66.086,73.8655,0.0118,10008,5601,随机森林RF
station01,丙-同时刻气象+历史,41.98,58.02,0.0,-0.0,0.0119,0.0119,66.8284,66.6672,0.0119,10008,5601,LightGBM
station02,甲-同时刻实测(lmd),41.29,12.72,45.99,-0.0411,0.0478,0.0067,235.3932,32.9931,0.0478,9119,4922,基线:固定系数×辐射
station02,甲-同时刻实测(lmd),22.38,77.62,0.0,-0.0017,0.0254,0.0237,124.8263,116.6705,0.0254,9119,4922,线性回归
station02,甲-同时刻实测(lmd),20.67,36.41,42.92,0.0089,0.0161,0.025,79.4179,123.1735,0.0161,9119,4922,随机森林RF
station02,甲-同时刻实测(lmd),32.98,67.02,0.0,0.0041,0.0175,0.0216,86.0475,106.3144,0.0175,9119,4922,LightGBM
station02,甲-同时刻预报(nwp),11.17,43.66,45.17,0.0659,0.02,0.0859,98.4696,422.8015,0.02,9119,4922,基线:固定系数×辐射
station02,甲-同时刻预报(nwp),54.18,45.82,0.0,0.0491,0.0246,0.0736,121.006,362.4993,0.0246,9119,4922,线性回归
station02,甲-同时刻预报(nwp),27.27,28.37,44.36,-0.0357,0.071,0.0353,349.2823,173.5389,0.071,9119,4922,随机森林RF
station02,甲-同时刻预报(nwp),56.11,43.89,0.0,-0.0159,0.054,0.0381,265.6213,187.4215,0.054,9119,4922,LightGBM
station02,乙-纯历史时序,27.38,26.47,46.15,-0.0001,0.0246,0.0245,121.1278,120.6331,0.0246,9054,4922,基线:Persistence
station02,乙-纯历史时序,64.42,35.58,0.0,-0.0101,0.0264,0.0163,130.0249,80.2261,0.0264,9054,4922,线性回归
station02,乙-纯历史时序,30.69,27.89,41.42,-0.0092,0.0255,0.0163,125.531,80.4281,0.0255,9054,4922,随机森林RF
station02,乙-纯历史时序,46.57,53.43,0.0,-0.004,0.0217,0.0176,106.6357,86.8289,0.0217,9054,4922,LightGBM
station02,丙-同时刻气象+历史,27.2,26.3,46.49,-0.0001,0.0246,0.0245,121.1278,120.6331,0.0246,9113,4922,基线:Persistence
station02,丙-同时刻气象+历史,34.52,65.48,0.0,-0.0007,0.015,0.0143,73.8009,70.4793,0.015,9113,4922,线性回归
station02,丙-同时刻气象+历史,22.85,35.55,41.6,0.0025,0.0122,0.0147,59.8183,72.1957,0.0122,9113,4922,随机森林RF
station02,丙-同时刻气象+历史,26.4,73.6,0.0,0.0057,0.0109,0.0166,53.8479,81.9229,0.0109,9113,4922,LightGBM
station03,甲-同时刻实测(lmd),16.91,39.17,43.92,0.0216,0.0061,0.0277,15.0182,68.3553,0.0061,4399,2467,基线:固定系数×辐射
station03,甲-同时刻实测(lmd),63.45,36.55,0.0,0.0334,0.0107,0.0441,26.5011,108.8727,0.0107,4399,2467,线性回归
station03,甲-同时刻实测(lmd),27.94,28.51,43.56,-0.0148,0.0258,0.011,63.6027,27.1973,0.0258,4399,2467,随机森林RF
station03,甲-同时刻实测(lmd),46.87,53.13,0.0,-0.0149,0.0242,0.0093,59.6553,23.0097,0.0242,4399,2467,LightGBM
station03,甲-同时刻预报(nwp),8.12,51.06,40.83,0.0857,0.017,0.1027,41.9548,253.336,0.017,4399,2467,基线:固定系数×辐射
station03,甲-同时刻预报(nwp),53.31,46.69,0.0,0.0673,0.021,0.0884,51.9036,218.0354,0.021,4399,2467,线性回归
station03,甲-同时刻预报(nwp),17.8,40.65,41.55,0.0342,0.0208,0.055,51.2285,135.6723,0.0208,4399,2467,随机森林RF
station03,甲-同时刻预报(nwp),38.46,61.54,0.0,0.0256,0.0236,0.0492,58.2783,121.4243,0.0236,4399,2467,LightGBM
station03,乙-纯历史时序,28.71,28.43,42.86,0.0,0.022,0.022,53.6183,53.6844,0.022,4302,2442,基线:Persistence
station03,乙-纯历史时序,70.85,29.15,0.0,-0.0068,0.0214,0.0146,52.2784,35.6401,0.0214,4302,2442,线性回归
station03,乙-纯历史时序,29.52,29.43,41.05,0.0006,0.0199,0.0205,48.4991,50.0554,0.0199,4302,2442,随机森林RF
station03,乙-纯历史时序,34.22,65.78,0.0,-0.0039,0.0205,0.0167,50.1257,40.6837,0.0205,4302,2442,LightGBM
station03,丙-同时刻气象+历史,28.67,27.88,43.45,-0.0003,0.022,0.0218,54.3742,53.6958,0.022,4391,2467,基线:Persistence
station03,丙-同时刻气象+历史,63.2,36.8,0.0,0.0072,0.0067,0.0139,16.4895,34.2402,0.0067,4391,2467,线性回归
station03,丙-同时刻气象+历史,16.44,40.31,43.25,0.0079,0.0074,0.0153,18.298,37.816,0.0074,4391,2467,随机森林RF
station03,丙-同时刻气象+历史,47.21,52.79,0.0,-0.0056,0.0149,0.0094,36.8239,23.0945,0.0149,4391,2467,LightGBM
station04,甲-同时刻实测(lmd),45.25,9.5,45.24,-0.0844,0.0936,0.0092,513.5198,50.36,0.0936,10019,5486,基线:固定系数×辐射
station04,甲-同时刻实测(lmd),87.44,12.56,0.0,-0.0839,0.0916,0.0076,502.3026,41.9582,0.0916,10019,5486,线性回归
station04,甲-同时刻实测(lmd),45.62,8.21,46.16,-0.0949,0.1019,0.007,559.2964,38.4747,0.1019,10019,5486,随机森林RF
station04,甲-同时刻实测(lmd),68.4,31.6,0.0,-0.0852,0.0926,0.0074,508.0707,40.4259,0.0926,10019,5486,LightGBM
station04,甲-同时刻预报(nwp),14.32,40.6,45.07,0.0887,0.0397,0.1285,217.9802,704.726,0.0397,10019,5486,基线:固定系数×辐射
station04,甲-同时刻预报(nwp),53.63,46.37,0.0,0.0527,0.0461,0.0988,252.6934,541.9132,0.0461,10019,5486,线性回归
station04,甲-同时刻预报(nwp),35.17,20.22,44.61,-0.0596,0.0989,0.0393,542.445,215.7513,0.0989,10019,5486,随机森林RF
station04,甲-同时刻预报(nwp),59.78,40.22,0.0,-0.0266,0.0751,0.0485,411.8054,266.0772,0.0751,10019,5486,LightGBM
station04,乙-纯历史时序,27.5,25.92,46.58,0.0001,0.0374,0.0376,204.9634,205.749,0.0374,10008,5475,基线:Persistence
station04,乙-纯历史时序,65.4,34.6,0.0,-0.0128,0.0401,0.0273,219.3898,149.5515,0.0401,10008,5475,线性回归
station04,乙-纯历史时序,33.49,22.07,44.43,-0.0244,0.048,0.0237,262.96,129.5038,0.048,10008,5475,随机森林RF
station04,乙-纯历史时序,39.93,60.07,0.0,-0.0185,0.043,0.0245,235.3434,133.9663,0.043,10008,5475,LightGBM
station04,丙-同时刻气象+历史,27.53,25.93,46.54,0.0001,0.0374,0.0375,205.2176,205.9187,0.0374,10018,5485,基线:Persistence
station04,丙-同时刻气象+历史,69.35,30.65,0.0,-0.0262,0.0402,0.014,220.5513,76.6681,0.0402,10018,5485,线性回归
station04,丙-同时刻气象+历史,42.67,10.7,46.63,-0.0468,0.0553,0.0085,303.1207,46.4805,0.0553,10018,5485,随机森林RF
station04,丙-同时刻气象+历史,60.03,39.97,0.0,-0.0436,0.0528,0.0092,289.4624,50.3156,0.0528,10018,5485,LightGBM
station05,甲-同时刻实测(lmd),40.81,19.14,40.05,-0.0157,0.0214,0.0057,37.0858,9.8496,0.0214,2899,1730,基线:固定系数×辐射
station05,甲-同时刻实测(lmd),30.77,69.23,0.0,-0.0025,0.0139,0.0115,24.0943,19.8258,0.0139,2899,1730,线性回归
station05,甲-同时刻实测(lmd),34.63,56.54,8.83,-0.0071,0.0136,0.0065,23.5158,11.2145,0.0136,2899,1730,随机森林RF
station05,甲-同时刻实测(lmd),38.81,61.19,0.0,-0.0047,0.0117,0.0071,20.3173,12.2031,0.0117,2899,1730,LightGBM
station05,甲-同时刻预报(nwp),15.28,44.84,39.88,0.057,0.0219,0.0789,37.8946,136.5355,0.0219,2899,1730,基线:固定系数×辐射
station05,甲-同时刻预报(nwp),55.78,44.22,0.0,0.0477,0.0237,0.0714,41.0588,123.5454,0.0237,2899,1730,线性回归
station05,甲-同时刻预报(nwp),21.32,78.06,0.62,0.0296,0.0234,0.053,40.4788,91.7676,0.0234,2899,1730,随机森林RF
station05,甲-同时刻预报(nwp),46.57,53.43,0.0,0.0061,0.0347,0.0407,59.948,70.482,0.0347,2899,1730,LightGBM
station05,乙-纯历史时序,30.97,30.36,38.67,0.0007,0.0242,0.0249,41.3318,42.5864,0.0242,2816,1710,基线:Persistence
station05,乙-纯历史时序,37.82,62.18,0.0,0.0042,0.0182,0.0224,31.1937,38.3545,0.0182,2816,1710,线性回归
station05,乙-纯历史时序,33.1,51.63,15.27,-0.0042,0.0232,0.0191,39.7079,32.6002,0.0232,2816,1710,随机森林RF
station05,乙-纯历史时序,49.04,50.96,0.0,-0.0079,0.0257,0.0177,43.8619,30.337,0.0257,2816,1710,LightGBM
station05,丙-同时刻气象+历史,31.12,29.32,39.56,0.0,0.0244,0.0244,42.1514,42.2367,0.0244,2892,1730,基线:Persistence
station05,丙-同时刻气象+历史,33.85,66.15,0.0,-0.001,0.008,0.007,13.8979,12.1785,0.008,2892,1730,线性回归
station05,丙-同时刻气象+历史,31.98,60.34,7.68,-0.0036,0.0099,0.0063,17.151,10.935,0.0099,2892,1730,随机森林RF
station05,丙-同时刻气象+历史,39.94,60.06,0.0,-0.003,0.0092,0.0062,15.92,10.7396,0.0092,2892,1730,LightGBM
station06,甲-同时刻实测(lmd),49.22,7.64,43.14,-0.0598,0.0624,0.0026,331.3057,13.9091,0.0624,9332,5306,基线:固定系数×辐射
station06,甲-同时刻实测(lmd),40.5,59.5,0.0,-0.0295,0.039,0.0094,206.7651,50.0206,0.039,9332,5306,线性回归
station06,甲-同时刻实测(lmd),26.37,28.91,44.72,0.0041,0.0124,0.0165,65.9527,87.6723,0.0124,9332,5306,随机森林RF
station06,甲-同时刻实测(lmd),38.11,61.89,0.0,0.0139,0.0075,0.0214,39.9513,113.6433,0.0075,9332,5306,LightGBM
station06,甲-同时刻预报(nwp),31.07,24.1,44.83,-0.0234,0.0442,0.0208,234.5858,110.4052,0.0442,9332,5306,基线:固定系数×辐射
station06,甲-同时刻预报(nwp),36.04,63.96,0.0,-0.0073,0.0405,0.0331,214.8291,175.8726,0.0405,9332,5306,线性回归
station06,甲-同时刻预报(nwp),24.34,35.35,40.31,0.009,0.0276,0.0367,146.6983,194.4986,0.0276,9332,5306,随机森林RF
station06,甲-同时刻预报(nwp),40.52,59.48,0.0,0.0133,0.0236,0.0369,125.2405,195.988,0.0236,9332,5306,LightGBM
station06,乙-纯历史时序,27.99,27.62,44.39,-0.0,0.0192,0.0191,101.6554,101.4549,0.0192,9310,5306,基线:Persistence
station06,乙-纯历史时序,59.16,40.84,0.0,-0.0059,0.0198,0.0138,104.8239,73.3267,0.0198,9310,5306,线性回归
station06,乙-纯历史时序,31.27,26.32,42.42,-0.0062,0.0194,0.0132,102.8878,69.9609,0.0194,9310,5306,随机森林RF
station06,乙-纯历史时序,43.29,56.71,0.0,-0.0012,0.0163,0.0152,86.671,80.4157,0.0163,9310,5306,LightGBM
station06,丙-同时刻气象+历史,27.93,27.55,44.52,-0.0,0.0192,0.0191,101.6554,101.4549,0.0192,9330,5306,基线:Persistence
station06,丙-同时刻气象+历史,43.11,56.89,0.0,-0.004,0.0106,0.0067,56.5051,35.5454,0.0106,9330,5306,线性回归
station06,丙-同时刻气象+历史,27.92,27.31,44.77,0.001,0.0084,0.0094,44.7745,49.9354,0.0084,9330,5306,随机森林RF
station06,丙-同时刻气象+历史,29.52,70.48,0.0,0.0065,0.0068,0.0133,36.0801,70.3774,0.0068,9330,5306,LightGBM
station07,甲-同时刻实测(lmd),29.71,64.04,6.26,-0.0006,0.0185,0.0179,171.2129,165.3599,0.0185,9877,9259,基线:固定系数×辐射
station07,甲-同时刻实测(lmd),54.27,45.73,0.0,-0.0074,0.0224,0.0151,207.8612,139.4551,0.0224,9877,9259,线性回归
station07,甲-同时刻实测(lmd),35.04,58.73,6.23,-0.0183,0.0278,0.0095,256.9563,87.9259,0.0278,9877,9259,随机森林RF
station07,甲-同时刻实测(lmd),47.84,52.16,0.0,-0.0042,0.0215,0.0173,198.8962,159.9144,0.0215,9877,9259,LightGBM
station07,甲-同时刻预报(nwp),20.13,34.54,45.33,0.0085,0.0224,0.0308,206.9542,285.2444,0.0224,9877,9259,基线:固定系数×辐射
station07,甲-同时刻预报(nwp),39.5,60.5,0.0,0.0131,0.025,0.0381,231.775,352.7562,0.025,9877,9259,线性回归
station07,甲-同时刻预报(nwp),27.94,26.58,45.48,-0.0069,0.0269,0.0199,248.8672,184.7099,0.0269,9877,9259,随机森林RF
station07,甲-同时刻预报(nwp),74.05,25.95,0.0,-0.0268,0.0421,0.0153,389.9417,141.799,0.0421,9877,9259,LightGBM
station07,乙-纯历史时序,26.28,25.07,48.65,-0.0,0.0125,0.0125,115.3947,115.2825,0.0125,9844,9246,基线:Persistence
station07,乙-纯历史时序,63.41,36.59,0.0,-0.0064,0.0158,0.0094,145.8206,87.048,0.0158,9844,9246,线性回归
station07,乙-纯历史时序,30.81,62.42,6.77,-0.0095,0.0202,0.0107,186.8052,98.8825,0.0202,9844,9246,随机森林RF
station07,乙-纯历史时序,37.62,62.38,0.0,-0.0062,0.0159,0.0097,146.89,89.652,0.0159,9844,9246,LightGBM
station07,丙-同时刻气象+历史,26.2,24.99,48.8,-0.0,0.0125,0.0125,115.3947,115.2825,0.0125,9874,9258,基线:Persistence
station07,丙-同时刻气象+历史,60.99,39.01,0.0,-0.0027,0.0105,0.0078,97.0763,72.0145,0.0105,9874,9258,线性回归
station07,丙-同时刻气象+历史,33.23,60.49,6.28,-0.0085,0.0155,0.007,143.4405,64.3744,0.0155,9874,9258,随机森林RF
station07,丙-同时刻气象+历史,43.53,56.47,0.0,-0.0074,0.0139,0.0065,128.7916,60.4971,0.0139,9874,9258,LightGBM
station08,甲-同时刻实测(lmd),41.87,11.91,46.21,-0.0249,0.0292,0.0043,155.9152,23.0004,0.0292,9930,5334,基线:固定系数×辐射
station08,甲-同时刻实测(lmd),70.61,29.39,0.0,-0.0223,0.0263,0.0041,140.5396,21.6206,0.0263,9930,5334,线性回归
station08,甲-同时刻实测(lmd),43.1,11.78,45.12,-0.0288,0.0314,0.0026,167.3742,13.6884,0.0314,9930,5334,随机森林RF
station08,甲-同时刻实测(lmd),83.04,16.96,0.0,-0.026,0.0284,0.0024,151.7149,12.804,0.0284,9930,5334,LightGBM
station08,甲-同时刻预报(nwp),15.95,38.85,45.2,0.0401,0.031,0.071,165.2032,378.9497,0.031,9930,5334,基线:固定系数×辐射
station08,甲-同时刻预报(nwp),47.05,52.95,0.0,0.0305,0.034,0.0645,181.394,344.0094,0.034,9930,5334,线性回归
station08,甲-同时刻预报(nwp),30.94,25.09,43.98,-0.0467,0.0744,0.0276,396.5957,147.3995,0.0744,9930,5334,随机森林RF
station08,甲-同时刻预报(nwp),36.21,63.79,0.0,-0.012,0.0521,0.0401,277.6841,213.7897,0.0521,9930,5334,LightGBM
station08,乙-纯历史时序,27.44,27.09,45.47,0.0001,0.0232,0.0232,123.0933,123.4079,0.0232,9865,5313,基线:Persistence
station08,乙-纯历史时序,61.78,38.22,0.0,-0.0086,0.0245,0.0159,130.1723,84.3686,0.0245,9865,5313,线性回归
station08,乙-纯历史时序,33.64,23.14,43.21,-0.0163,0.0304,0.0141,161.5946,74.8705,0.0304,9865,5313,随机森林RF
station08,乙-纯历史时序,38.39,61.61,0.0,-0.0127,0.0272,0.0145,144.5387,77.0549,0.0272,9865,5313,LightGBM
station08,丙-同时刻气象+历史,27.43,26.99,45.59,0.0,0.0232,0.0232,123.4485,123.4809,0.0232,9924,5331,基线:Persistence
station08,丙-同时刻气象+历史,64.4,35.6,0.0,-0.006,0.0127,0.0067,67.4479,35.7199,0.0127,9924,5331,线性回归
station08,丙-同时刻气象+历史,39.77,14.17,46.06,-0.0148,0.0183,0.0036,97.6496,18.9407,0.0183,9924,5331,随机森林RF
station08,丙-同时刻气象+历史,50.12,49.88,0.0,-0.0148,0.0182,0.0034,97.2384,18.158,0.0182,9924,5331,LightGBM
station09,甲-同时刻实测(lmd),44.52,11.86,43.63,-0.0511,0.0529,0.0018,217.1951,7.2839,0.0529,7287,4108,基线:固定系数×辐射
station09,甲-同时刻实测(lmd),24.39,75.61,0.0,-0.0316,0.0412,0.0096,169.3911,39.3906,0.0412,7287,4108,线性回归
station09,甲-同时刻实测(lmd),34.03,21.87,44.09,-0.0374,0.0427,0.0053,175.3444,21.6725,0.0427,7287,4108,随机森林RF
station09,甲-同时刻实测(lmd),49.24,50.76,0.0,-0.0333,0.0401,0.0068,164.689,27.9518,0.0401,7287,4108,LightGBM
station09,甲-同时刻预报(nwp),22.05,34.76,43.19,-0.0007,0.0253,0.0246,104.1153,101.0377,0.0253,7287,4108,基线:固定系数×辐射
station09,甲-同时刻预报(nwp),28.45,71.55,0.0,0.0078,0.0222,0.03,91.2853,123.3073,0.0222,7287,4108,线性回归
station09,甲-同时刻预报(nwp),27.83,34.62,37.55,-0.0186,0.0381,0.0195,156.3591,79.9704,0.0381,7287,4108,随机森林RF
station09,甲-同时刻预报(nwp),30.93,69.07,0.0,-0.005,0.0285,0.0234,116.9289,96.3196,0.0285,7287,4108,LightGBM
station09,乙-纯历史时序,28.17,28.09,43.73,-0.0,0.0122,0.0122,50.0527,50.0052,0.0122,7269,4108,基线:Persistence
station09,乙-纯历史时序,29.29,70.71,0.0,0.0053,0.0083,0.0136,34.0513,55.882,0.0083,7269,4108,线性回归
station09,乙-纯历史时序,31.39,36.13,32.48,-0.0065,0.0155,0.009,63.8072,37.1029,0.0155,7269,4108,随机森林RF
station09,乙-纯历史时序,52.59,47.41,0.0,-0.009,0.017,0.008,69.8209,32.672,0.017,7269,4108,LightGBM
station09,丙-同时刻气象+历史,28.11,28.03,43.86,-0.0,0.0122,0.0122,50.0527,50.0052,0.0122,7285,4108,基线:Persistence
station09,丙-同时刻气象+历史,27.54,72.46,0.0,-0.0008,0.006,0.0052,24.7629,21.3228,0.006,7285,4108,线性回归
station09,丙-同时刻气象+历史,33.78,21.73,44.49,-0.0327,0.0363,0.0037,149.3003,15.0231,0.0363,7285,4108,随机森林RF
station09,丙-同时刻气象+历史,31.93,68.07,0.0,-0.0286,0.0327,0.004,134.1702,16.5306,0.0327,7285,4108,LightGBM
