设定,特征,中文名,重要性,站间标准差
丙-同时刻气象+历史,lmd_totalirrad,总辐射 GHI,0.63438,0.38472
丙-同时刻气象+历史,P_lag1,15分钟前功率,0.32397,0.34873
丙-同时刻气象+历史,lmd_diffuseirrad,散射辐射 DHI,0.0302,0.0485
丙-同时刻气象+历史,hour_sin,时刻(正弦),0.0026,0.00102
丙-同时刻气象+历史,GHI_lag1,15分钟前辐射,0.00211,0.00084
丙-同时刻气象+历史,doy_cos,年内日序(余弦),0.00141,0.00089
丙-同时刻气象+历史,doy_sin,年内日序(正弦),0.0012,0.00058
丙-同时刻气象+历史,lmd_temperature,气温,0.00119,0.00068
丙-同时刻气象+历史,hour_cos,时刻(余弦),0.00087,0.00063
丙-同时刻气象+历史,lmd_pressure,气压,0.00083,0.00036
丙-同时刻气象+历史,lmd_windspeed,风速,0.00064,0.00027
丙-同时刻气象+历史,lmd_winddirection,风向,0.00061,0.00027
乙-纯历史时序,P_lag1,15分钟前功率,0.96061,0.00693
乙-纯历史时序,hour_sin,时刻(正弦),0.0085,0.00104
乙-纯历史时序,GHI_lag1,15分钟前辐射,0.00592,0.00434
乙-纯历史时序,GHI_lag2,30分钟前辐射,0.0049,0.001
乙-纯历史时序,GHI_lag3,45分钟前辐射,0.00441,0.00095
乙-纯历史时序,GHI_lag6,1.5小时前辐射,0.00358,0.00078
乙-纯历史时序,GHI_lag12,3小时前辐射,0.00312,0.00068
乙-纯历史时序,T_lag6,1.5小时前气温,0.00198,0.00074
乙-纯历史时序,doy_cos,年内日序(余弦),0.00198,0.00065
乙-纯历史时序,doy_sin,年内日序(正弦),0.00179,0.00056
乙-纯历史时序,T_lag1,15分钟前气温,0.00176,0.00061
乙-纯历史时序,hour_cos,时刻(余弦),0.00145,0.00032
甲-同时刻实测(lmd),lmd_totalirrad,总辐射 GHI,0.82372,0.27229
甲-同时刻实测(lmd),lmd_diffuseirrad,散射辐射 DHI,0.13935,0.25779
甲-同时刻实测(lmd),doy_cos,年内日序(余弦),0.01251,0.01849
甲-同时刻实测(lmd),doy_sin,年内日序(正弦),0.00693,0.00588
甲-同时刻实测(lmd),lmd_temperature,气温,0.00454,0.00263
甲-同时刻实测(lmd),hour_cos,时刻(余弦),0.00377,0.00412
甲-同时刻实测(lmd),hour_sin,时刻(正弦),0.00363,0.00138
甲-同时刻实测(lmd),lmd_pressure,气压,0.00277,0.002
甲-同时刻实测(lmd),lmd_windspeed,风速,0.00143,0.00091
甲-同时刻实测(lmd),lmd_winddirection,风向,0.00135,0.00068
甲-同时刻预报(nwp),nwp_globalirrad,NWP总辐射,0.38355,0.26835
甲-同时刻预报(nwp),nwp_directirrad,NWP直接辐射,0.3604,0.23563
甲-同时刻预报(nwp),hour_cos,时刻(余弦),0.11851,0.18793
甲-同时刻预报(nwp),doy_cos,年内日序(余弦),0.02731,0.03959
甲-同时刻预报(nwp),nwp_temperature,NWP气温,0.02614,0.01415
甲-同时刻预报(nwp),nwp_humidity,NWP相对湿度,0.01978,0.00399
甲-同时刻预报(nwp),doy_sin,年内日序(正弦),0.01662,0.00645
甲-同时刻预报(nwp),nwp_pressure,NWP气压,0.01553,0.00338
甲-同时刻预报(nwp),nwp_winddirection,NWP风向,0.01415,0.00606
甲-同时刻预报(nwp),nwp_windspeed,NWP风速,0.01159,0.00312
甲-同时刻预报(nwp),hour_sin,时刻(正弦),0.00643,0.0017
