站,容量MW,测试样本,白天样本,A从零_MAE,A从零_RMSE,A从零_MAE白天,A从零_RMSE白天,B微调_MAE,B微调_RMSE,B微调_MAE白天,B微调_RMSE白天,C零样本_MAE,C零样本_RMSE,C零样本_MAE白天,C零样本_RMSE白天,D联合_MAE,D联合_RMSE,D联合_MAE白天,D联合_RMSE白天,B微调较A提升%,C零样本较A提升%,D联合较A提升%,B微调较A提升白天%,C零样本较A提升白天%,D联合较A提升白天%
station00,6.6,8669,4827,2.045,5.787,3.603,7.755,2.518,6.317,4.391,8.46,3.681,8.272,6.465,11.083,1.74,5.578,3.052,7.474,-23.13,-80.0,14.91,-21.87,-79.43,15.29
station01,20.0,10015,5604,2.203,5.132,3.866,6.86,3.684,7.646,6.296,10.212,7.852,14.274,13.75,19.073,2.245,5.101,3.942,6.819,-67.23,-256.42,-1.91,-62.86,-255.66,-1.97
station02,17.0,9119,4922,2.102,4.198,3.778,5.706,2.068,4.247,3.712,5.774,2.505,5.243,4.517,7.134,1.912,3.833,3.43,5.213,1.62,-19.17,9.04,1.75,-19.56,9.21
station03,20.0,4399,2467,2.365,4.475,4.078,5.972,1.734,3.071,2.866,3.971,1.522,2.872,2.527,3.676,1.503,2.852,2.54,3.711,26.68,35.64,36.45,29.72,38.03,37.71
station04,20.0,10019,5486,5.909,10.622,10.246,14.33,4.688,8.822,8.382,11.92,10.391,17.909,18.679,24.2,5.565,9.824,9.432,13.225,20.66,-75.85,5.82,18.19,-82.31,7.94
station05,35.0,2899,1730,1.248,2.411,1.915,3.105,1.728,3.354,2.808,4.339,2.466,4.463,4.012,5.775,1.646,2.933,2.546,3.78,-38.46,-97.6,-31.89,-46.63,-109.5,-32.95
station06,15.0,9332,5306,1.589,3.507,2.714,4.65,2.671,4.943,4.549,6.547,3.136,5.614,5.332,7.437,1.934,3.742,3.339,4.961,-68.09,-97.36,-21.71,-67.61,-96.46,-23.03
station07,20.0,9877,9259,4.318,7.099,4.542,7.32,3.203,6.124,3.404,6.324,6.081,10.912,6.482,11.27,3.152,5.881,3.347,6.073,25.82,-40.83,27.0,25.06,-42.71,26.31
station08,20.0,9930,5334,1.724,3.37,3.087,4.595,1.524,2.992,2.713,4.079,1.722,3.167,3.026,4.314,1.466,2.814,2.63,3.836,11.6,0.12,14.97,12.12,1.98,14.8
station09,20.0,7287,4108,2.689,7.928,4.591,10.554,2.892,8.086,5.062,10.769,10.265,17.075,18.129,22.741,3.001,8.445,5.156,11.245,-7.55,-281.74,-11.6,-10.26,-294.88,-12.31
