站,容量kW,原始行数,清洗后,清洗率,起,止
station00,6600.0,28896,28895,0.0,2018-08-16,2019-06-13
station01,20000.0,33408,33383,0.07,2018-07-01,2019-06-13
station02,17000.0,30432,30394,0.12,2018-07-23,2019-06-10
station03,20000.0,14688,14662,0.18,2019-01-12,2019-06-13
station04,20000.0,33408,33395,0.04,2018-07-01,2019-06-13
station05,35000.0,9696,9663,0.34,2019-03-05,2019-06-13
station06,15000.0,31104,31104,0.0,2018-07-14,2019-06-13
station07,20000.0,32928,32921,0.02,2018-07-01,2019-06-13
station08,20000.0,33120,33098,0.07,2018-07-01,2019-06-13
station09,20000.0,24288,24288,0.0,2018-09-26,2019-06-13
